date, pm25, pm10, o3, no2
2025/11/1, 9, 8, 20, 1
2025/11/2, 30, 5, 21, 
2025/11/3, 16, 4, 22, 1
2025/11/4, 13, 5, 20, 
2025/11/5, 18, 9, 11, 
2025/11/6, 34, 12, 6, 1
2025/11/7, 39, 9, 10, 
2025/11/8, 40, 5, 13, 
2025/11/9, 18, 3, 13, 
2025/11/10, 9, 3, 15, 1
2025/11/11, 12, 5, 12, 1
2025/11/12, 16, , , 
2025/10/1, 19, 5, 23, 1
2025/10/2, 21, 6, 25, 1
2025/10/3, 24, 7, 26, 1
2025/10/4, 26, 4, 23, 1
2025/10/5, 15, 4, 17, 
2025/10/6, 15, 6, 18, 1
2025/10/7, 18, 5, 15, 
2025/10/8, 15, 4, 21, 
2025/10/9, 12, 4, 18, 
2025/10/10, 13, 4, 25, 
2025/10/11, 12, 2, 25, 
2025/10/12, 6, 2, 22, 
2025/10/13, 6, 2, 22, 
2025/10/14, 6, 2, 21, 
2025/10/15, 7, 4, 25, 
2025/10/16, 12, 1, 24, 
2025/10/17, 5, 2, 19, 
2025/10/18, 7, 4, 16, 
2025/10/19, 15, 3, 28, 
2025/10/20, 11, 7, 28, 1
2025/10/21, 27, 20, 24, 2
2025/10/22, 67, 21, 15, 2
2025/10/23, 68, 11, 15, 2
2025/10/24, 45, 5, 17, 1
2025/10/25, 20, , , 
2025/10/27, 15, 6, 9, 2
2025/10/28, 21, 4, 10, 1
2025/10/29, 15, 5, 24, 1
2025/10/30, 17, 3, 20, 
2025/10/31, 9, 2, 24, 
2025/7/1, 12, 4, 26, 
2025/7/2, 14, 7, 29, 
2025/7/3, 24, 3, 25, 
2025/7/4, 9, 5, 22, 
2025/7/5, 18, 5, 16, 
2025/7/6, 18, 5, 22, 
2025/7/7, 18, 3, 25, 
2025/7/8, 13, 4, 26, 
2025/7/9, 13, 5, 29, 
2025/7/10, 18, 8, 26, 
2025/7/11, 30, 11, 17, 
2025/7/12, 39, 13, 17, 
2025/7/13, 44, 12, 29, 
2025/7/14, 46, 9, 23, 
2025/7/15, 34, 15, 23, 
2025/7/16, 51, 8, 28, 
2025/7/17, 25, 9, 40, 
2025/7/18, 28, 9, 39, 
2025/7/19, 30, 10, 38, 
2025/7/20, 34, 11, 38, 
2025/7/21, 38, 10, 39, 
2025/7/22, 36, 13, 29, 
2025/7/23, 45, 13, 39, 
2025/7/24, 46, 12, 44, 
2025/7/25, 42, 9, 30, 
2025/7/26, 36, , , 
2025/8/3, 26, 7, 32, 1
2025/8/4, 25, 7, 29, 1
2025/8/5, 19, 7, 26, 
2025/8/6, 18, 7, 26, 
2025/8/7, 20, 11, 38, 
2025/8/8, 33, 8, 25, 
2025/8/9, 28, 6, 26, 
2025/8/10, 20, 4, 25, 
2025/8/11, 9, 4, 26, 
2025/8/12, 13, 6, 29, 
2025/8/13, 16, 9, 28, 
2025/8/14, 22, 10, 48, 
2025/8/15, 27, 2, 26, 
2025/8/16, 5, 3, 25, 
2025/8/17, 7, 3, 21, 
2025/8/18, 11, 3, 22, 
2025/8/19, 8, 1, 20, 
2025/8/20, 5, 3, 18, 
2025/8/21, 8, 2, 20, 
2025/8/22, 5, 1, 19, 
2025/8/23, 4, 1, 20, 
2025/8/24, 4, 2, 17, 
2025/8/25, 5, 2, 18, 
2025/8/26, 6, 3, 20, 
2025/8/27, 9, 7, 27, 
2025/8/28, 23, 7, 28, 
2025/8/29, 26, 6, 25, 
2025/8/30, 21, 5, 22, 
2025/8/31, 19, 7, 25, 
2025/9/1, 29, 7, 29, 
2025/9/2, 26, 7, 25, 
2025/9/3, 23, 10, 30, 
2025/9/4, 38, 10, 28, 
2025/9/5, 38, 13, 23, 
2025/9/6, 44, 10, 17, 
2025/9/7, 31, 8, 24, 
2025/9/8, 27, 13, 30, 
2025/9/9, 38, 17, 26, 
2025/9/10, 51, 16, 31, 
2025/9/11, 50, 10, 26, 
2025/9/12, 31, 6, 26, 
2025/9/13, 17, 7, 29, 
2025/9/14, 23, 6, 28, 
2025/9/15, 19, 5, 26, 
2025/9/16, 17, 5, 18, 
2025/9/17, 14, 7, 21, 
2025/9/18, 20, 8, 19, 
2025/9/19, 24, 7, 20, 
2025/9/20, 23, 11, 27, 
2025/9/21, 36, 2, 24, 
2025/9/22, 5, 2, 24, 
2025/9/23, 6, 2, 23, 
2025/9/24, 6, 3, 22, 
2025/9/25, 8, 4, 15, 
2025/9/26, 11, 5, 13, 
2025/9/27, 15, 2, 23, 1
2025/9/28, 8, 5, 22, 
2025/9/29, 14, 4, 18, 
2025/9/30, 14, 5, 18, 1
2025/4/1, 8, 3, 31, 
2025/4/2, 9, 4, 41, 
2025/4/3, 9, 2, 41, 
2025/4/4, 7, 3, 42, 
2025/4/5, 7, 2, 33, 
2025/4/6, 7, 1, 37, 
2025/4/7, 4, 3, 36, 
2025/4/8, 8, 3, 39, 
2025/4/9, 10, 4, 37, 
2025/4/10, 10, 2, 40, 
2025/4/11, 5, 3, 38, 
2025/4/12, 10, 4, 37, 
2025/4/13, 18, 11, 40, 
2025/4/14, 37, 5, 38, 
2025/4/15, 13, 14, 36, 1
2025/4/16, 44, 13, 21, 1
2025/4/17, 44, 11, 18, 1
2025/4/18, 41, 3, 31, 
2025/4/19, 14, 6, 30, 
2025/4/20, 23, 3, 23, 
2025/4/21, 13, 4, 19, 
2025/4/22, 16, 4, 24, 
2025/4/23, 17, 2, 32, 
2025/4/24, 6, 1, 35, 
2025/4/25, 5, 2, 42, 
2025/4/26, 7, 4, 41, 
2025/4/27, 12, 8, 39, 
2025/4/28, 25, 1, 33, 
2025/4/29, 3, 2, 31, 
2025/4/30, 8, 6, 32, 
2025/5/1, 25, 5, 40, 
2025/5/2, 17, 1, 32, 
2025/5/3, 3, 2, 28, 
2025/5/4, 6, 2, 32, 
2025/5/5, 7, 2, 32, 
2025/5/6, 8, 2, 34, 
2025/5/7, 9, 2, 35, 
2025/5/8, 9, 2, 32, 
2025/5/9, 9, 3, 30, 
2025/5/10, 14, 3, 35, 
2025/5/11, 14, 4, 34, 
2025/5/12, 17, 6, 37, 
2025/5/13, 20, 5, 63, 
2025/5/14, 13, 4, 34, 
2025/5/15, 11, 4, 34, 
2025/5/16, 14, 3, 31, 
2025/5/17, 12, 5, 32, 
2025/5/18, 15, 4, 35, 
2025/5/19, 14, 4, 32, 
2025/5/20, 12, 3, 27, 
2025/5/21, 10, 6, 23, 
2025/5/22, 24, 4, 29, 
2025/5/23, 14, 3, 35, 
2025/5/24, 9, 7, 38, 
2025/5/25, 26, 7, 35, 
2025/5/26, 23, 7, 37, 
2025/5/27, 19, 5, 33, 
2025/5/28, 18, 5, 32, 
2025/5/29, 18, 5, 31, 
2025/5/30, 13, 2, 28, 
2025/5/31, 5, 4, 31, 
2025/6/1, 10, 7, 35, 
2025/6/2, 20, 7, 33, 
2025/6/3, 18, 12, 41, 
2025/6/4, 37, 10, 36, 
2025/6/5, 32, 7, 36, 
2025/6/6, 25, 6, 29, 
2025/6/7, 14, 4, 31, 
2025/6/8, 13, 4, 29, 
2025/6/9, 15, , , 
2025/6/11, 40, 5, 25, 
2025/6/12, 14, 2, 26, 
2025/6/13, 7, 5, 33, 
2025/6/14, 12, 6, 39, 
2025/6/15, 18, 10, 36, 
2025/6/16, 38, 7, 36, 
2025/6/17, 27, 7, 31, 
2025/6/18, 24, 3, 25, 
2025/6/19, 10, 3, 27, 
2025/6/20, 10, , , 
2025/6/22, 15, 8, 22, 
2025/6/23, 27, 6, 23, 
2025/6/24, 20, 6, 24, 
2025/6/25, 24, 7, 27, 
2025/6/26, 24, 5, 27, 
2025/6/27, 20, 5, 22, 
2025/6/28, 16, 6, 28, 
2025/6/29, 18, 3, 24, 
2025/6/30, 6, 4, 28, 
2025/1/1, 4, 1, 27, 
2025/1/2, 5, 2, 27, 
2025/1/3, 7, 1, 27, 
2025/1/4, 6, 3, 22, 1
2025/1/5, 13, 5, 31, 1
2025/1/6, 22, 2, 37, 1
2025/1/7, 8, 2, 27, 1
2025/1/8, 9, 3, 17, 1
2025/1/9, 10, 4, 23, 1
2025/1/10, 18, 3, 33, 
2025/1/11, 10, 1, 32, 
2025/1/12, 4, 2, 28, 1
2025/1/13, 6, 1, 24, 
2025/1/14, 6, 1, 24, 1
2025/1/15, 6, 1, 22, 
2025/1/16, 4, 4, 24, 1
2025/1/17, 17, 4, 22, 1
2025/1/18, 16, 1, 23, 
2025/1/19, 6, 2, 23, 1
2025/1/20, 7, 3, 22, 1
2025/1/21, 15, 8, 11, 3
2025/1/22, 34, 6, 20, 1
2025/1/23, 28, 4, 24, 2
2025/1/24, 17, 4, 29, 1
2025/1/25, 16, 3, 30, 
2025/1/26, 14, 3, 29, 1
2025/1/27, 12, 4, 22, 1
2025/1/28, 16, 6, 14, 2
2025/1/29, 24, 1, 20, 
2025/1/30, 3, 3, 23, 
2025/1/31, 13, 1, 27, 
2025/2/1, 3, 2, 21, 
2025/2/2, 8, 1, 23, 
2025/2/3, 4, 6, 19, 1
2025/2/4, 26, 7, 23, 1
2025/2/5, 31, 1, 20, 
2025/2/6, 6, 3, 24, 
2025/2/7, 15, 6, 27, 
2025/2/8, 26, 7, 19, 
2025/2/9, 29, 6, 16, 1
2025/2/10, 25, 3, 19, 2
2025/2/11, 12, 2, 22, 1
2025/2/12, 10, 2, 29, 
2025/2/13, 8, 1, 29, 
2025/2/14, 6, 5, 31, 
2025/2/15, 13, 2, 28, 
2025/2/16, 7, 1, 30, 
2025/2/17, 4, 1, 34, 
2025/2/18, 4, 2, 29, 1
2025/2/19, 7, 4, 35, 3
2025/2/20, 15, 17, 33, 2
2025/2/21, 62, 24, 30, 1
2025/2/22, 79, 19, 28, 1
2025/2/23, 65, 5, 27, 1
2025/2/24, 20, 7, 23, 1
2025/2/25, 33, 3, 30, 
2025/2/26, 10, 2, 23, 1
2025/2/27, 10, 4, 23, 1
2025/2/28, 17, 4, 20, 
2025/3/1, 16, 2, 30, 
2025/3/2, 8, 2, 31, 
2025/3/3, 8, 2, 33, 
2025/3/4, 6, 3, 30, 
2025/3/5, 13, 3, 29, 
2025/3/6, 12, 6, 36, 1
2025/3/7, 22, 8, 34, 1
2025/3/8, 33, 7, 31, 1
2025/3/9, 31, 4, 31, 
2025/3/10, 16, 1, 33, 
2025/3/11, 5, 2, 30, 
2025/3/12, 9, 3, 33, 
2025/3/13, 14, 2, 33, 
2025/3/14, 7, 2, 34, 
2025/3/15, 6, 1, 35, 
2025/3/16, 5, 1, 33, 
2025/3/17, 4, 1, 37, 
2025/3/18, 3, 2, 36, 
2025/3/19, 5, 3, 34, 
2025/3/20, 10, 2, 35, 
2025/3/21, 8, 5, 33, 
2025/3/22, 19, 4, 38, 1
2025/3/23, 19, 9, 37, 1
2025/3/24, 33, 14, 33, 1
2025/3/25, 55, 5, 35, 
2025/3/26, 16, 6, 30, 
2025/3/27, 21, 7, 34, 
2025/3/28, 27, 11, 34, 
2025/3/29, 39, 6, 31, 
2025/3/30, 18, 4, 26, 
2025/3/31, 14, 3, 34, 
2024/10/1, 5, 1, 29, 
2024/10/2, 5, 2, 20, 
2024/10/3, 8, 2, 22, 
2024/10/4, 7, 3, 24, 
2024/10/5, 10, 2, 31, 
2024/10/6, 9, 4, 18, 
2024/10/7, 14, 6, 25, 
2024/10/8, 20, 4, 23, 
2024/10/9, 15, 4, 21, 
2024/10/10, 16, 1, 23, 
2024/10/11, 5, 3, 22, 
2024/10/12, 11, 2, 25, 
2024/10/13, 8, 3, 16, 
2024/10/14, 12, 1, 20, 
2024/10/15, 5, 3, 21, 
2024/10/16, 10, 4, 26, 
2024/10/17, 14, 8, 22, 1
2024/10/18, 29, 8, 26, 
2024/10/19, 30, 11, 23, 1
2024/10/20, 41, 9, 29, 
2024/10/21, 34, 5, 28, 
2024/10/22, 18, 2, 29, 
2024/10/23, 8, 3, 27, 
2024/10/24, 12, 5, 25, 
2024/10/25, 19, 7, 8, 
2024/10/26, 25, 2, 24, 
2024/10/27, 6, 3, 25, 
2024/10/28, 10, 1, 23, 
2024/10/29, 5, 1, 23, 
2024/10/30, 4, 2, 21, 
2024/10/31, 8, 1, 29, 
2024/11/1, 5, 1, 28, 
2024/11/2, 3, 1, 26, 
2024/11/3, 3, 1, 26, 
2024/11/4, 3, 1, 18, 
2024/11/5, 6, 2, 14, 
2024/11/6, 9, 2, 12, 
2024/11/7, 7, 2, 17, 
2024/11/8, 10, 3, 19, 
2024/11/9, 14, 2, 17, 
2024/11/10, 7, 3, 16, 
2024/11/11, 12, 1, 16, 
2024/11/12, 5, 2, 13, 
2024/11/13, 7, 2, 26, 
2024/11/14, 8, 4, 22, 
2024/11/15, 12, 1, 30, 
2024/11/16, 5, 1, 30, 
2024/11/17, 5, 1, 24, 
2024/11/18, 5, 2, 17, 
2024/11/19, 9, 1, 22, 
2024/11/20, 4, 5, 25, 
2024/11/21, 15, 2, 26, 
2024/11/22, 8, 3, 24, 
2024/11/23, 11, 2, 25, 
2024/11/24, 10, 5, 18, 1
2024/11/25, 18, 3, 23, 
2024/11/26, 13, 1, 25, 
2024/11/27, 3, 1, 26, 
2024/11/28, 3, 1, 22, 
2024/11/29, 7, 2, 20, 
2024/11/30, 9, 2, 22, 
2024/12/1, 11, 7, 30, 1
2024/12/2, 30, 1, 29, 
2024/12/3, 4, 2, 18, 
2024/12/4, 9, 2, 17, 1
2024/12/5, 9, 5, 19, 
2024/12/6, 20, 6, 17, 
2024/12/7, 27, 7, 14, 
2024/12/8, 29, 3, 23, 
2024/12/9, 12, 2, 23, 
2024/12/10, 10, 2, 26, 9
2024/12/11, 8, 2, 26, 4
2024/12/12, 8, 3, 23, 4
2024/12/13, 12, 1, 27, 2
2024/12/14, 6, 3, 29, 
2024/12/15, 11, 1, 29, 
2024/12/16, 3, 1, 30, 
2024/12/17, 4, 2, 23, 1
2024/12/18, 8, 3, 27, 
2024/12/19, 12, 2, 25, 
2024/12/20, 7, 2, 22, 
2024/12/21, 9, 2, 20, 
2024/12/22, 9, 5, 15, 1
2024/12/23, 18, 3, 19, 
2024/12/24, 10, 1, 22, 
2024/12/25, 4, 3, 24, 
2024/12/26, 10, 4, 19, 
2024/12/27, 15, 4, 18, 
2024/12/28, 15, 1, 29, 
2024/12/29, 4, , , 
2024/7/4, 10, 6, 24, 
2024/7/5, 23, 5, 27, 
2024/7/6, 17, 8, 28, 
2024/7/7, 18, 4, 29, 
2024/7/8, 11, 3, 27, 
2024/7/9, 11, 4, 32, 
2024/7/10, 11, 12, 26, 
2024/7/11, 45, 9, 24, 
2024/7/12, 32, 5, 22, 
2024/7/13, 20, 4, 22, 
2024/7/14, 15, 5, 33, 
2024/7/15, 16, 5, 35, 
2024/7/16, 19, 7, 30, 
2024/7/17, 25, 3, 23, 
2024/7/18, 12, 3, 19, 
2024/7/19, 9, 5, 26, 
2024/7/20, 19, 10, 19, 
2024/7/21, 41, 10, 25, 
2024/7/22, 41, 11, 19, 
2024/7/23, 43, 7, 25, 
2024/7/24, 25, 5, 29, 
2024/7/25, 20, 4, 24, 
2024/7/26, 14, 4, 30, 
2024/7/27, 17, 3, 20, 
2024/7/28, 11, 2, 21, 
2024/7/29, 6, 2, 22, 
2024/7/30, 8, 5, 24, 
2024/7/31, 19, 2, 22, 
2024/8/1, 9, 3, 19, 
2024/8/2, 13, 5, 15, 
2024/8/3, 20, 7, 17, 
2024/8/4, 29, 6, 23, 
2024/8/5, 27, 6, 24, 
2024/8/6, 26, 6, 27, 
2024/8/7, 21, 7, 29, 
2024/8/8, 26, 4, 29, 
2024/8/9, 14, 3, 22, 
2024/8/10, 9, 2, 23, 
2024/8/11, 7, 1, 22, 
2024/8/12, 2, 2, 21, 
2024/8/13, 5, 3, 27, 
2024/8/14, 8, 7, 38, 
2024/8/15, 16, 8, 26, 
2024/8/16, 27, 5, 28, 
2024/8/17, 13, 7, 31, 
2024/8/18, 22, 6, 29, 
2024/8/19, 18, 7, 30, 
2024/8/20, 22, 10, 34, 
2024/8/21, 35, 7, 25, 
2024/8/22, 24, 7, 33, 
2024/8/23, 25, 5, 30, 
2024/8/24, 14, 9, 35, 
2024/8/25, 31, 11, 30, 
2024/8/26, 37, 10, 30, 
2024/8/27, 34, 11, 42, 
2024/8/28, 39, 14, 37, 
2024/8/29, 48, 14, 27, 
2024/8/30, 47, 6, 24, 
2024/8/31, 22, 4, 22, 
2024/9/1, 14, 3, 19, 
2024/9/2, 12, 3, 28, 
2024/9/3, 12, 13, 23, 
2024/9/4, 43, 19, 37, 1
2024/9/5, 55, 14, 29, 
2024/9/6, 44, 15, 35, 
2024/9/7, 38, 24, 37, 1
2024/9/8, 62, 25, 44, 
2024/9/9, 63, 8, 36, 
2024/9/10, 24, 3, 26, 
2024/9/11, 14, 2, 26, 
2024/9/12, 6, 2, 23, 
2024/9/13, 6, 2, 21, 
2024/9/14, 6, 2, 24, 
2024/9/15, 5, 2, 21, 
2024/9/16, 7, 3, 16, 
2024/9/17, 11, 4, 14, 
2024/9/18, 14, 4, 18, 
2024/9/19, 14, 6, 23, 
2024/9/20, 22, 4, 28, 
2024/9/21, 14, 2, 26, 
2024/9/22, 7, 4, 28, 
2024/9/23, 15, 16, 39, 
2024/9/24, 56, 11, 35, 
2024/9/25, 36, 2, 31, 
2024/9/26, 9, 1, 29, 
2024/9/27, 4, 1, 22, 
2024/9/28, 5, 1, 24, 
2024/9/29, 3, 2, 23, 
2024/9/30, 6, 2, 25, 
2024/4/1, 25, 4, 31, 
2024/4/2, 16, 4, 29, 
2024/4/3, 13, 2, 29, 
2024/4/4, 7, 2, 25, 
2024/4/5, 9, 3, 24, 
2024/4/6, 12, 3, 36, 
2024/4/7, 12, 4, 38, 
2024/4/8, 13, 5, 35, 
2024/4/9, 15, 4, 34, 
2024/4/10, 14, 3, 32, 
2024/4/11, 11, 4, 30, 
2024/4/12, 14, 1, 29, 
2024/4/13, 6, 2, 32, 
2024/4/14, 8, 1, 30, 
2024/4/15, 6, 2, 34, 
2024/4/16, 8, 3, 33, 
2024/4/17, 13, 5, 34, 
2024/4/18, 19, 5, 38, 
2024/4/19, 20, 4, 39, 
2024/4/20, 16, 5, 34, 
2024/4/21, 17, 4, 31, 
2024/4/22, 16, 6, 34, 
2024/4/23, 22, 8, 37, 
2024/4/24, 28, 7, 32, 
2024/4/25, 29, 3, 28, 
2024/4/26, 13, 6, 29, 
2024/4/27, 27, 5, 32, 
2024/4/28, 20, 11, 35, 1
2024/4/29, 37, 5, 41, 
2024/4/30, 17, 7, 33, 
2024/5/1, 26, 3, 35, 
2024/5/2, 9, 6, 38, 
2024/5/3, 14, 7, 37, 
2024/5/4, 18, 4, 32, 
2024/5/5, 14, 4, 34, 
2024/5/6, 13, 4, 35, 
2024/5/7, 12, 3, 30, 
2024/5/8, 13, 7, 29, 
2024/5/9, 26, 2, 31, 
2024/5/10, 6, 3, 32, 
2024/5/11, 10, 6, 29, 
2024/5/12, 15, 6, 35, 
2024/5/13, 19, 8, 37, 1
2024/5/14, 20, 12, 40, 1
2024/5/15, 19, 14, 40, 
2024/5/16, 27, 16, 41, 
2024/5/17, 34, 15, 41, 
2024/5/18, 37, 17, 43, 
2024/5/19, 36, 4, 34, 
2024/5/20, 6, 4, 33, 
2024/5/21, 7, 8, 37, 
2024/5/22, 13, 13, 32, 1
2024/5/23, 26, 15, 31, 1
2024/5/24, 50, 21, 44, 1
2024/5/25, 59, 15, 43, 
2024/5/26, 48, 18, 46, 1
2024/5/27, 50, 17, 51, 1
2024/5/28, 47, 15, 42, 1
2024/5/29, 43, 6, 45, 
2024/5/30, 20, 15, 43, 
2024/5/31, 44, 15, 47, 
2024/6/1, 50, 12, 30, 
2024/6/2, 42, 11, 32, 
2024/6/3, 38, 7, 37, 
2024/6/4, 17, 10, 33, 
2024/6/5, 26, 10, 30, 
2024/6/6, 25, 6, 30, 
2024/6/7, 19, 7, 36, 
2024/6/8, 26, 5, 30, 
2024/6/9, 17, 4, 27, 
2024/6/10, 12, 4, 21, 
2024/6/11, 11, 4, 19, 
2024/6/12, 14, 6, 26, 
2024/6/13, 19, 5, 26, 
2024/6/14, 16, 6, 33, 
2024/6/15, 19, 7, 30, 
2024/6/16, 26, 6, 31, 
2024/6/17, 21, 5, 34, 
2024/6/18, 18, 5, 29, 
2024/6/19, 15, 7, 29, 
2024/6/20, 15, 4, 25, 
2024/6/21, 12, 3, 27, 
2024/6/22, 11, 4, 25, 
2024/6/23, 11, 6, 25, 
2024/6/24, 17, 6, 33, 
2024/6/25, 16, 8, 33, 
2024/6/26, 23, 11, 38, 
2024/6/27, 33, , , 
2024/1/1, 19, 5, 33, 
2024/1/2, 17, 5, 33, 
2024/1/3, 19, 4, 27, 1
2024/1/4, 17, 3, 30, 
2024/1/5, 11, 3, 24, 
2024/1/6, 15, 8, 19, 
2024/1/7, 36, 4, 24, 1
2024/1/8, 17, 1, 27, 
2024/1/9, 4, 1, 27, 
2024/1/10, 2, 1, 30, 
2024/1/11, 5, 1, 31, 
2024/1/12, 7, 2, 31, 
2024/1/13, 9, 2, 33, 
2024/1/14, 10, 2, 33, 
2024/1/15, 6, 3, 29, 1
2024/1/16, 11, 3, 31, 1
2024/1/17, 15, 3, 28, 
2024/1/18, 13, 5, 23, 1
2024/1/19, 23, 9, 18, 1
2024/1/20, 40, 6, 27, 1
2024/1/21, 24, 4, 33, 
2024/1/22, 17, 5, 34, 
2024/1/23, 18, 2, 29, 1
2024/1/24, 8, 2, 29, 
2024/1/25, 9, 2, 29, 
2024/1/26, 7, 4, 25, 
2024/1/27, 16, 4, 26, 
2024/1/28, 18, 7, 26, 1
2024/1/29, 28, 9, 12, 2
2024/1/30, 38, 4, 30, 1
2024/1/31, 17, 3, 35, 
2024/2/1, 10, 3, 31, 
2024/2/2, 10, 2, 32, 
2024/2/3, 6, 3, 34, 
2024/2/4, 8, 2, 30, 
2024/2/5, 7, 2, 29, 
2024/2/6, 10, 3, 28, 
2024/2/7, 14, 4, 29, 
2024/2/8, 17, 6, 26, 1
2024/2/9, 26, 6, 29, 1
2024/2/10, 26, 7, 28, 1
2024/2/11, 31, 9, 29, 2
2024/2/12, 39, 4, 20, 2
2024/2/13, 16, 7, 28, 2
2024/2/14, 33, 9, 21, 1
2024/2/15, 32, 4, 15, 2
2024/2/16, 18, 1, 33, 
2024/2/17, 2, 2, 31, 
2024/2/18, 7, 5, 31, 1
2024/2/19, 23, 7, 21, 
2024/2/20, 27, 7, 20, 1
2024/2/21, 23, 4, 27, 1
2024/2/22, 16, 7, 30, 1
2024/2/23, 31, 5, 30, 1
2024/2/24, 22, 8, 24, 1
2024/2/25, 35, 5, 17, 1
2024/2/26, 20, 5, 15, 1
2024/2/27, 19, 6, 23, 1
2024/2/28, 23, 8, 30, 1
2024/2/29, 33, 12, 24, 1
2024/3/1, 50, 16, 20, 
2024/3/2, 57, 14, 19, 1
2024/3/3, 54, 15, 20, 1
2024/3/4, 56, 12, 26, 
2024/3/5, 41, 6, 27, 
2024/3/6, 21, 5, 23, 
2024/3/7, 18, 4, 27, 
2024/3/8, 16, 5, 29, 
2024/3/9, 20, 3, 33, 
2024/3/10, 11, 3, 31, 
2024/3/11, 14, 5, 30, 1
2024/3/12, 18, 10, 22, 1
2024/3/13, 37, 9, 19, 1
2024/3/14, 39, 8, 22, 1
2024/3/15, 30, 6, 32, 
2024/3/16, 23, 3, 31, 
2024/3/17, 7, 1, 28, 
2024/3/18, 5, 5, 28, 
2024/3/19, 14, 5, 23, 
2024/3/20, 22, 7, 21, 
2024/3/21, 29, 4, 27, 
2024/3/22, 17, 6, 31, 
2024/3/23, 22, 3, 28, 
2024/3/24, 13, 3, 28, 
2024/3/25, 13, 5, 27, 
2024/3/26, 20, 11, 25, 1
2024/3/27, 43, 14, 31, 1
2024/3/28, 49, 11, 26, 
2024/3/29, 39, 8, 33, 
2024/3/30, 28, 7, 26, 
2024/3/31, 29, 6, 30, 
2023/10/1, 7, 6, 16, 
2023/10/2, 21, 8, 17, 
2023/10/3, 29, 5, 19, 
2023/10/4, 16, 3, 23, 
2023/10/5, 9, 2, 23, 
2023/10/6, 9, 2, 23, 
2023/10/7, 4, 2, 23, 
2023/10/8, 4, 1, 19, 
2023/10/9, 5, , , 
2023/10/11, 22, 3, 28, 
2023/10/12, 6, 4, 24, 
2023/10/13, 12, 3, 29, 
2023/10/14, 10, 2, 24, 
2023/10/15, 5, 2, 25, 
2023/10/16, 5, 2, 19, 
2023/10/17, 5, 2, 23, 
2023/10/18, 9, 2, 21, 
2023/10/19, 8, 3, 25, 
2023/10/20, 10, 3, 24, 
2023/10/21, 10, 1, 12, 
2023/10/22, 5, 2, 19, 
2023/10/23, 9, 3, 24, 
2023/10/24, 14, 4, 24, 
2023/10/25, 19, 3, 23, 
2023/10/26, 13, 4, 20, 1
2023/10/27, 17, 3, 21, 
2023/10/28, 13, 7, 16, 
2023/10/29, 25, 3, 23, 
2023/10/30, 12, 3, 16, 1
2023/10/31, 12, 1, 20, 
2023/11/1, 3, 2, 24, 
2023/11/2, 7, 7, 19, 1
2023/11/3, 30, 7, 21, 1
2023/11/4, 27, 7, 20, 
2023/11/5, 27, 8, 13, 
2023/11/6, 31, 5, 19, 
2023/11/7, 20, 4, 22, 
2023/11/8, 14, 4, 21, 
2023/11/9, 15, 6, 16, 1
2023/11/10, 22, 7, 15, 
2023/11/11, 27, 2, 13, 
2023/11/12, 9, 1, 18, 
2023/11/13, 5, 2, 21, 
2023/11/14, 8, 3, 21, 
2023/11/15, 11, 3, 28, 
2023/11/16, 14, 3, 23, 
2023/11/17, 12, 4, 23, 
2023/11/18, 16, 5, 23, 
2023/11/19, 21, 4, 13, 
2023/11/20, 16, 2, 25, 
2023/11/21, 10, 3, 20, 
2023/11/22, 13, 2, 24, 
2023/11/23, 6, 2, 26, 
2023/11/24, 9, 2, 30, 
2023/11/25, 10, 1, 26, 
2023/11/26, 6, 3, 27, 
2023/11/27, 13, 4, 25, 
2023/11/28, 17, 4, 14, 1
2023/11/29, 16, 4, 18, 
2023/11/30, 16, 3, 23, 
2023/12/1, 15, 5, 17, 
2023/12/2, 20, 4, 19, 
2023/12/3, 18, 4, 18, 
2023/12/4, 16, 8, 11, 3
2023/12/5, 34, 8, 16, 2
2023/12/6, 34, 7, 21, 1
2023/12/7, 31, 4, 22, 1
2023/12/8, 19, 6, 23, 1
2023/12/9, 28, 11, 17, 2
2023/12/10, 50, 9, 17, 1
2023/12/11, 40, 6, 10, 1
2023/12/12, 27, 5, 19, 1
2023/12/13, 20, 5, 20, 
2023/12/14, 21, 6, 20, 2
2023/12/15, 27, 3, 24, 
2023/12/16, 15, 2, 21, 
2023/12/17, 9, 3, 22, 
2023/12/18, 12, 1, 26, 
2023/12/19, 5, 5, 23, 
2023/12/20, 18, 3, 29, 
2023/12/21, 12, 2, 25, 
2023/12/22, 8, 1, 25, 
2023/12/23, 5, 3, 25, 1
2023/12/24, 14, 3, 25, 
2023/12/25, 14, 4, 21, 
2023/12/26, 19, 2, 30, 
2023/12/27, 8, 3, 28, 1
2023/12/28, 12, 4, 22, 
2023/12/29, 14, 4, 22, 1
2023/12/30, 16, 4, 27, 
2023/12/31, 17, 4, 32, 
2023/7/1, 31, 6, 21, 
2023/7/2, 23, 4, 25, 
2023/7/3, 13, 7, 28, 
2023/7/4, 19, 7, 25, 
2023/7/5, 20, 7, 30, 
2023/7/6, 21, 6, 22, 
2023/7/7, 20, 10, 24, 
2023/7/8, 31, 6, 20, 
2023/7/9, 18, 5, 25, 
2023/7/10, 14, 7, 29, 
2023/7/11, 21, 8, 29, 
2023/7/12, 26, 9, 26, 
2023/7/13, 25, 7, 27, 
2023/7/14, 20, 5, 30, 
2023/7/15, 15, 7, 29, 
2023/7/16, 24, 8, 27, 
2023/7/17, 22, 4, 24, 
2023/7/18, 12, 4, 21, 
2023/7/19, 12, 5, 21, 
2023/7/20, 13, 5, 23, 
2023/7/21, 13, 5, 28, 
2023/7/22, 14, 5, 26, 
2023/7/23, 14, 4, 29, 
2023/7/24, 14, 10, 23, 
2023/7/25, 32, 6, 23, 
2023/7/26, 18, 5, 27, 
2023/7/27, 14, 4, 21, 
2023/7/28, 13, 6, 27, 
2023/7/29, 16, 9, 30, 
2023/7/30, 28, 10, 20, 
2023/7/31, 33, 5, 28, 
2023/8/1, 16, 5, 31, 
2023/8/2, 15, 7, 27, 
2023/8/3, 23, 7, 24, 
2023/8/4, 22, 9, 25, 
2023/8/5, 26, 11, 24, 
2023/8/6, 36, 25, 28, 
2023/8/7, 68, 4, 29, 
2023/8/8, 13, 5, 29, 
2023/8/9, 16, 4, 22, 
2023/8/10, 13, 5, 18, 
2023/8/11, 14, 6, 22, 
2023/8/12, 19, 6, 23, 
2023/8/13, 21, 10, 29, 
2023/8/14, 29, 11, 30, 
2023/8/15, 33, 13, 28, 
2023/8/16, 37, 5, 19, 
2023/8/17, 14, 5, 18, 
2023/8/18, 14, 6, 19, 
2023/8/19, 17, 7, 21, 
2023/8/20, 26, 9, 23, 
2023/8/21, 30, 9, 13, 
2023/8/22, 30, 7, 20, 
2023/8/23, 20, 9, 18, 
2023/8/24, 27, 7, 17, 
2023/8/25, 25, 9, 31, 
2023/8/26, 31, 8, 26, 
2023/8/27, 26, 5, 24, 
2023/8/28, 18, 6, 25, 
2023/8/29, 18, 4, 29, 
2023/8/30, 15, 4, 23, 
2023/8/31, 14, 7, 18, 
2023/9/1, 21, 2, 20, 
2023/9/2, 7, 4, 16, 
2023/9/3, 12, 7, 20, 
2023/9/4, 21, 7, 24, 
2023/9/5, 21, 3, 19, 
2023/9/6, 10, 5, 23, 
2023/9/7, 14, 10, 13, 
2023/9/8, 34, 15, 24, 1
2023/9/9, 48, 22, 38, 
2023/9/10, 64, 21, 13, 
2023/9/11, 63, 17, 23, 
2023/9/12, 54, 4, 19, 
2023/9/13, 13, 3, 20, 
2023/9/14, 10, 4, 23, 
2023/9/15, 12, 6, 29, 
2023/9/16, 18, 3, 22, 
2023/9/17, 10, 2, 25, 
2023/9/18, 7, 10, 27, 
2023/9/19, 33, 3, 22, 
2023/9/20, 9, 9, 30, 
2023/9/21, 27, 15, 28, 1
2023/9/22, 49, 5, 25, 
2023/9/23, 18, 3, 21, 
2023/9/24, 10, 5, 26, 
2023/9/25, 17, 8, 22, 
2023/9/26, 28, 15, 25, 1
2023/9/27, 48, 20, 28, 
2023/9/28, 58, 15, 19, 1
2023/9/29, 49, 6, 24, 
2023/9/30, 20, 2, 21, 
2023/4/5, 14, 2, 24, 1
2023/4/6, 8, 2, 27, 
2023/4/7, 10, 2, 35, 
2023/4/8, 9, 4, 35, 
2023/4/9, 15, 3, 38, 
2023/4/10, 15, 7, 43, 1
2023/4/11, 30, 14, 55, 2
2023/4/12, 55, 9, 47, 2
2023/4/13, 35, 7, 33, 1
2023/4/14, 27, 8, 33, 1
2023/4/15, 28, 11, 37, 
2023/4/16, 36, 7, 40, 
2023/4/17, 27, 3, 40, 
2023/4/18, 12, 2, 39, 
2023/4/19, 8, 4, 40, 
2023/4/20, 10, 5, 32, 
2023/4/21, 15, 8, 36, 
2023/4/22, 20, 11, 37, 1
2023/4/23, 33, 3, 30, 
2023/4/24, 12, 5, 28, 
2023/4/25, 22, 5, 29, 
2023/4/26, 18, 2, 36, 
2023/4/27, 6, 2, 28, 
2023/4/28, 6, 4, 35, 
2023/4/29, 14, 2, 31, 
2023/4/30, 8, 7, 33, 
2023/5/1, 29, 2, 35, 
2023/5/2, 7, 2, 31, 
2023/5/3, 9, 3, 35, 
2023/5/4, 11, 3, 33, 
2023/5/5, 10, 4, 36, 
2023/5/6, 14, 6, 37, 
2023/5/7, 17, 10, 39, 1
2023/5/8, 23, 13, 46, 1
2023/5/9, 32, 15, 48, 1
2023/5/10, 38, 16, 47, 1
2023/5/11, 36, 17, 51, 1
2023/5/12, 36, 17, 47, 1
2023/5/13, 41, 18, 47, 1
2023/5/14, 45, 19, 48, 1
2023/5/15, 49, 16, 32, 1
2023/5/16, 55, 8, 22, 
2023/5/17, 28, 3, 28, 
2023/5/18, 9, 5, 33, 
2023/5/19, 13, 5, 32, 1
2023/5/20, 13, 8, 36, 1
2023/5/21, 18, 10, 39, 1
2023/5/22, 22, 11, 40, 1
2023/5/23, 24, 14, 45, 1
2023/5/24, 32, 8, 37, 
2023/5/25, 20, 6, 29, 
2023/5/26, 12, 6, 33, 
2023/5/27, 11, 8, 31, 
2023/5/28, 21, 5, 27, 
2023/5/29, 11, 7, 31, 
2023/5/30, 18, 6, 29, 
2023/5/31, 10, 4, 31, 
2023/6/1, 8, 2, 23, 
2023/6/2, 4, 3, 26, 
2023/6/3, 12, 2, 24, 
2023/6/4, 5, 3, 29, 
2023/6/5, 10, 3, 26, 
2023/6/6, 10, 2, 27, 
2023/6/7, 6, 3, 30, 
2023/6/8, 9, 2, 26, 
2023/6/9, 6, 4, 30, 
2023/6/10, 7, 5, 31, 
2023/6/11, 12, 8, 31, 
2023/6/12, 19, 10, 37, 
2023/6/13, 23, 11, 41, 
2023/6/14, 29, 11, 42, 
2023/6/15, 35, 10, 40, 
2023/6/16, 34, 11, 34, 
2023/6/17, 36, 15, 31, 1
2023/6/18, 49, 16, 26, 1
2023/6/19, 51, 13, 37, 1
2023/6/20, 43, 15, 42, 
2023/6/21, 50, 11, 36, 
2023/6/22, 38, 8, 32, 
2023/6/23, 23, 4, 30, 
2023/6/24, 15, 6, 29, 
2023/6/25, 18, 5, 31, 
2023/6/26, 18, 10, 38, 
2023/6/27, 34, 12, 37, 
2023/6/28, 43, 13, 35, 
2023/6/29, 46, 9, 32, 
2023/6/30, 32, 10, 31, 
2023/1/2, 7, 1, 28, 
2023/1/3, 4, 2, 31, 
2023/1/4, 8, 4, 26, 
2023/1/5, 17, 3, 30, 
2023/1/6, 12, 7, 24, 1
2023/1/7, 30, 8, 17, 1
2023/1/8, 35, 6, 16, 1
2023/1/9, 28, 4, 22, 1
2023/1/10, 19, 3, 24, 1
2023/1/11, 12, 4, 21, 1
2023/1/12, 19, 3, 23, 1
2023/1/13, 13, 3, 22, 1
2023/1/14, 12, 3, 28, 
2023/1/15, 12, 2, 26, 1
2023/1/16, 8, 4, 25, 1
2023/1/17, 18, 4, 24, 1
2023/1/18, 14, 4, 16, 2
2023/1/19, 18, 4, 7, 2
2023/1/20, 20, 6, 18, 
2023/1/21, 26, 9, 16, 2
2023/1/22, 40, 8, 20, 1
2023/1/23, 35, 6, 21, 1
2023/1/24, 28, 2, 21, 
2023/1/25, 7, 2, 29, 
2023/1/26, 7, 2, 18, 1
2023/1/27, 8, 2, 24, 1
2023/1/28, 10, 3, 28, 
2023/1/29, 12, 1, 30, 
2023/1/30, 4, 2, 28, 
2023/1/31, 7, 5, 24, 1
2023/2/1, 17, 2, 25, 
2023/2/2, 7, 3, 27, 1
2023/2/3, 12, 3, 27, 
2023/2/4, 11, 2, 23, 1
2023/2/5, 11, 4, 23, 1
2023/2/6, 14, 5, 25, 1
2023/2/7, 22, 6, 26, 1
2023/2/8, 27, 9, 29, 2
2023/2/9, 39, 2, 33, 
2023/2/10, 5, 2, 30, 
2023/2/11, 10, 3, 24, 1
2023/2/12, 13, 2, 31, 
2023/2/13, 8, 3, 29, 
2023/2/14, 12, 8, 25, 1
2023/2/15, 35, 13, 21, 2
2023/2/16, 50, 10, 22, 1
2023/2/17, 45, 1, 32, 1
2023/2/18, 4, 1, 33, 
2023/2/19, 4, 1, 29, 
2023/2/20, 4, 5, 26, 
2023/2/21, 21, 7, 27, 1
2023/2/22, 33, 4, 27, 1
2023/2/23, 15, 2, 29, 
2023/2/24, 11, 2, 33, 
2023/2/25, 9, 1, 30, 
2023/2/26, 5, 1, 26, 
2023/2/27, 5, 1, 31, 
2023/2/28, 3, 1, 33, 
2023/3/1, 4, 1, 35, 
2023/3/2, 5, 2, 34, 
2023/3/3, 7, 1, 33, 
2023/3/4, 4, 1, 29, 
2023/3/5, 4, 1, 30, 
2023/3/6, 6, 2, 33, 1
2023/3/7, 8, 2, 30, 1
2023/3/8, 10, 2, 33, 1
2023/3/9, 8, 2, 28, 1
2023/3/10, 9, 2, 31, 
2023/3/11, 10, 2, 32, 
2023/3/12, 10, 2, 33, 2
2023/3/13, 6, 1, 27, 
2023/3/14, 3, 1, 29, 
2023/3/15, 6, 3, 35, 
2023/3/16, 11, 3, 33, 1
2023/3/17, 15, 17, 29, 2
2023/3/18, 63, 7, 24, 1
2023/3/19, 29, 3, 30, 
2023/3/20, 14, 2, 26, 
2023/3/21, 9, 3, 25, 1
2023/3/22, 12, 6, 33, 
2023/3/23, 24, 3, 30, 1
2023/3/24, 14, 2, 31, 
2023/3/25, 8, 2, 32, 
2023/3/26, 9, 2, 32, 
2023/3/27, 9, , , 
2022/10/1, 26, 15, 24, 
2022/10/2, 56, 8, 23, 
2022/10/3, 33, 4, 17, 
2022/10/4, 15, 7, 20, 1
2022/10/5, 25, 5, 25, 
2022/10/6, 14, 7, 24, 
2022/10/7, 25, 4, 24, 
2022/10/8, 15, 2, 22, 
2022/10/9, 7, 5, 26, 
2022/10/10, 17, 4, 20, 
2022/10/11, 16, 3, 19, 
2022/10/12, 9, 6, 23, 1
2022/10/13, 23, 12, 21, 1
2022/10/14, 46, 16, 21, 1
2022/10/15, 58, 9, 26, 
2022/10/16, 33, 3, 26, 
2022/10/17, 11, 3, 21, 
2022/10/18, 11, 1, 23, 
2022/10/19, 4, 2, 21, 
2022/10/20, 7, 5, 14, 1
2022/10/21, 20, 10, 13, 
2022/10/22, 39, 6, 15, 
2022/10/23, 24, 2, 26, 
2022/10/24, 9, 6, 15, 1
2022/10/25, 23, 2, 11, 
2022/10/26, 6, 8, 19, 1
2022/10/27, 30, 8, 19, 
2022/10/28, 32, 3, 29, 
2022/10/29, 9, 2, 27, 
2022/10/30, 9, 7, 10, 1
2022/10/31, 29, 6, 19, 
2022/11/1, 23, 9, 16, 1
2022/11/2, 34, 7, 20, 1
2022/11/3, 27, 5, 25, 
2022/11/4, 19, 4, 24, 
2022/11/5, 15, 4, 17, 
2022/11/6, 14, 6, 20, 1
2022/11/7, 24, 2, 16, 
2022/11/8, 7, 8, 12, 1
2022/11/9, 32, 5, 20, 1
2022/11/10, 21, 4, 23, 
2022/11/11, 16, 4, 23, 
2022/11/12, 15, 4, 6, 
2022/11/13, 16, 3, 10, 1
2022/11/14, 13, 2, 24, 
2022/11/15, 6, 2, 21, 
2022/11/16, 7, 1, 20, 
2022/11/17, 6, 1, 22, 
2022/11/18, 6, 2, 23, 
2022/11/19, 8, 2, 23, 
2022/11/20, 9, 7, 23, 1
2022/11/21, 30, 6, 19, 1
2022/11/22, 27, 3, 18, 1
2022/11/23, 14, 2, 15, 1
2022/11/24, 7, 4, 6, 1
2022/11/25, 16, 4, 9, 1
2022/11/26, 16, 5, 7, 1
2022/11/27, 24, 5, 12, 2
2022/11/28, 23, 4, 11, 3
2022/11/29, 19, 6, 8, 1
2022/11/30, 24, 6, 8, 1
2022/12/1, 26, 9, 15, 4
2022/12/2, 41, 7, 19, 
2022/12/3, 29, 3, 10, 
2022/12/4, 15, 4, 9, 1
2022/12/5, 19, 4, 18, 1
2022/12/6, 16, 2, 22, 
2022/12/7, 9, 4, 23, 2
2022/12/8, 14, 6, 12, 1
2022/12/9, 23, 4, 14, 1
2022/12/10, 19, 3, 16, 
2022/12/11, 14, 3, 29, 
2022/12/12, 15, 3, 29, 
2022/12/13, 10, 4, 18, 2
2022/12/14, 16, 7, 13, 4
2022/12/15, 29, 8, 9, 8
2022/12/16, 38, 6, 23, 5
2022/12/17, 28, 7, 25, 1
2022/12/18, 30, 7, 22, 1
2022/12/19, 30, 8, 15, 3
2022/12/20, 35, 4, 22, 1
2022/12/21, 15, 5, 20, 1
2022/12/22, 19, 2, 26, 
2022/12/23, 10, 3, 19, 1
2022/12/24, 14, 5, 22, 1
2022/12/25, 20, 5, 23, 
2022/12/26, 25, 1, 26, 
2022/12/27, 6, 2, 23, 1
2022/12/28, 10, 1, 22, 
2022/12/29, 6, 3, 23, 
2022/12/30, 12, 4, 28, 
2022/12/31, 18, 3, 13, 
2023/1/1, 13, 1, 23, 1
2022/7/1, 52, 11, 33, 
2022/7/2, 36, 5, 32, 
2022/7/3, 16, 5, 32, 
2022/7/4, 17, 4, 25, 
2022/7/5, 11, 3, 23, 
2022/7/6, 11, 3, 19, 
2022/7/7, 11, 2, 20, 
2022/7/8, 8, 3, 22, 
2022/7/9, 8, 1, 23, 
2022/7/10, 5, 2, 22, 
2022/7/11, 6, 2, 23, 
2022/7/12, 7, 5, 36, 
2022/7/13, 18, 2, 27, 
2022/7/14, 6, 1, 23, 
2022/7/15, 4, 1, 20, 
2022/7/16, 3, 1, 20, 
2022/7/17, 3, 3, 25, 
2022/7/18, 11, 6, 24, 
2022/7/19, 19, 6, 35, 
2022/7/20, 20, 12, 50, 1
2022/7/21, 41, 12, 35, 
2022/7/22, 44, 4, 20, 
2022/7/23, 14, 2, 23, 
2022/7/24, 8, 8, 38, 
2022/7/25, 29, 7, 33, 
2022/7/26, 27, 3, 19, 
2022/7/27, 8, 1, 23, 
2022/7/28, 4, 1, 24, 
2022/7/29, 4, 2, 28, 
2022/7/30, 6, 3, 34, 
2022/7/31, 9, 3, 30, 
2022/8/1, 11, 3, 27, 
2022/8/2, 10, 5, 41, 
2022/8/3, 17, 8, 41, 
2022/8/4, 28, 18, 33, 1
2022/8/5, 62, , , 
2022/8/9, 11, 6, 22, 
2022/8/10, 18, 7, 26, 
2022/8/11, 22, 5, 26, 
2022/8/12, 20, 4, 36, 
2022/8/13, 14, 6, 37, 
2022/8/14, 18, 13, 29, 
2022/8/15, 46, , , 
2022/8/17, 60, 13, 29, 
2022/8/18, 49, 19, 38, 
2022/8/19, 58, 20, 27, 
2022/8/20, 62, 7, 13, 
2022/8/21, 23, 5, 25, 
2022/8/22, 16, 5, 27, 
2022/8/23, 16, 3, 26, 
2022/8/24, 9, 2, 26, 
2022/8/25, 8, 5, 27, 
2022/8/26, 22, 16, 26, 
2022/8/27, 55, 4, 24, 
2022/8/28, 15, 2, 22, 
2022/8/29, 7, 2, 23, 
2022/8/30, 5, 1, 19, 
2022/8/31, 5, 1, 19, 
2022/9/1, 5, 1, 22, 
2022/9/2, 4, 2, 20, 
2022/9/3, 7, 2, 21, 
2022/9/4, 6, 2, 20, 
2022/9/5, 7, 3, 23, 
2022/9/6, 10, 1, 20, 
2022/9/7, 5, 2, 26, 
2022/9/8, 7, 3, 25, 
2022/9/9, 9, 6, 23, 
2022/9/10, 16, 6, 27, 
2022/9/11, 18, 7, 23, 
2022/9/12, 20, 5, 29, 
2022/9/13, 18, 2, 23, 
2022/9/14, 9, 2, 17, 
2022/9/15, 5, 2, 20, 
2022/9/16, 8, 2, 19, 
2022/9/17, 7, 3, 18, 
2022/9/18, 11, 2, 15, 
2022/9/19, 6, 2, 20, 
2022/9/20, 7, 3, 17, 
2022/9/21, 9, 3, 24, 
2022/9/22, 10, 5, 21, 1
2022/9/23, 18, 6, 17, 
2022/9/24, 23, 8, 19, 
2022/9/25, 29, 6, 27, 
2022/9/26, 25, 8, 25, 
2022/9/27, 32, 5, 21, 
2022/9/28, 20, 4, 19, 
2022/9/29, 14, 5, 19, 
2022/9/30, 18, 6, 23, 
2022/4/1, 11, 3, 33, 
2022/4/2, 13, 2, 36, 
2022/4/3, 5, 3, 34, 1
2022/4/4, 10, 1, 33, 
2022/4/5, 5, 2, 34, 
2022/4/6, 6, 3, 34, 1
2022/4/7, 12, 2, 32, 
2022/4/8, 9, 2, 33, 
2022/4/9, 7, 1, 33, 
2022/4/10, 3, 2, 38, 
2022/4/11, 6, 2, 32, 
2022/4/12, 8, 4, 34, 2
2022/4/13, 12, 6, 36, 1
2022/4/14, 25, 1, 36, 
2022/4/15, 7, 2, 35, 
2022/4/16, 7, 4, 36, 1
2022/4/17, 13, 4, 33, 
2022/4/18, 16, 4, 39, 1
2022/4/19, 14, 4, 36, 
2022/4/20, 16, 3, 34, 
2022/4/21, 13, 3, 35, 
2022/4/22, 13, 2, 33, 
2022/4/23, 9, 3, 33, 
2022/4/24, 14, 3, 34, 
2022/4/25, 11, 2, 35, 
2022/4/26, 7, 2, 29, 
2022/4/27, 7, 2, 33, 
2022/4/28, 6, 2, 34, 
2022/4/29, 7, 4, 32, 
2022/4/30, 14, 3, 34, 
2022/5/1, 13, 5, 39, 
2022/5/2, 10, 2, 34, 
2022/5/3, 7, 3, 36, 
2022/5/4, 7, 8, 40, 
2022/5/5, 23, 8, 33, 1
2022/5/6, 24, 4, 30, 
2022/5/7, 16, 2, 35, 
2022/5/8, 7, 4, 37, 
2022/5/9, 11, 9, 40, 1
2022/5/10, 26, 6, 32, 
2022/5/11, 23, 4, 31, 
2022/5/12, 14, 4, 28, 
2022/5/13, 13, 2, 27, 
2022/5/14, 9, 1, 24, 
2022/5/15, 4, 2, 28, 
2022/5/16, 6, 1, 26, 
2022/5/17, 6, 5, 36, 
2022/5/18, 13, 6, 32, 
2022/5/19, 19, 6, 28, 1
2022/5/20, 21, 6, 26, 1
2022/5/21, 21, , , 
2022/5/23, 24, 7, 38, 1
2022/5/24, 26, 9, 30, 1
2022/5/25, 34, 4, 24, 
2022/5/26, 13, 4, 23, 
2022/5/27, 15, 3, 20, 
2022/5/28, 14, 3, 19, 
2022/5/29, 12, 2, 22, 
2022/5/30, 10, 9, 20, 
2022/5/31, 38, 7, 30, 
2022/6/1, 24, 7, 28, 
2022/6/2, 28, 7, 29, 
2022/6/3, 25, 6, 21, 
2022/6/4, 22, 5, 27, 
2022/6/5, 17, 3, 30, 
2022/6/6, 9, 5, 29, 1
2022/6/7, 15, 8, 35, 1
2022/6/8, 28, 5, 33, 
2022/6/9, 19, 8, 34, 
2022/6/10, 33, 8, 31, 
2022/6/11, 28, 8, 32, 
2022/6/12, 28, 6, 29, 
2022/6/13, 21, 3, 23, 
2022/6/14, 10, 2, 23, 
2022/6/15, 8, 4, 22, 
2022/6/16, 13, 3, 21, 
2022/6/17, 10, 10, 33, 
2022/6/18, 36, 3, 27, 
2022/6/19, 8, 4, 22, 
2022/6/20, 18, 5, 28, 
2022/6/21, 21, 7, 21, 
2022/6/22, 29, 7, 28, 
2022/6/23, 25, 7, 30, 
2022/6/24, 26, 11, 38, 
2022/6/25, 40, 14, 33, 
2022/6/26, 49, 16, 38, 
2022/6/27, 55, 22, 38, 
2022/6/28, 68, 12, 30, 
2022/6/29, 45, 19, 35, 
2022/6/30, 64, 14, 34, 
2022/1/3, 14, 3, 22, 
2022/1/4, 13, 3, 19, 1
2022/1/5, 13, 2, 27, 
2022/1/6, 7, 3, 26, 
2022/1/7, 15, 4, 28, 1
2022/1/8, 17, 8, 14, 1
2022/1/9, 32, 8, 21, 
2022/1/10, 35, 7, 22, 1
2022/1/11, 29, 8, 24, 1
2022/1/12, 38, 2, 29, 
2022/1/13, 9, 1, 31, 
2022/1/14, 5, 2, 30, 
2022/1/15, 6, 4, 24, 
2022/1/16, 15, 2, 31, 
2022/1/17, 6, 3, 27, 
2022/1/18, 8, 3, 24, 
2022/1/19, 15, 2, 31, 
2022/1/20, 6, 3, 30, 
2022/1/21, 10, 4, 27, 
2022/1/22, 16, 5, 19, 1
2022/1/23, 22, 3, 28, 
2022/1/24, 13, 3, 23, 
2022/1/25, 12, 4, 22, 1
2022/1/26, 17, 4, 26, 
2022/1/27, 14, 2, 30, 
2022/1/28, 7, 1, 27, 
2022/1/29, 5, 1, 32, 
2022/1/30, 4, 2, 31, 
2022/1/31, 6, 3, 26, 
2022/2/1, 11, 4, 22, 
2022/2/2, 18, 4, 28, 2
2022/2/3, 20, 2, 31, 1
2022/2/4, 8, 3, 28, 
2022/2/5, 13, 3, 31, 
2022/2/6, 13, 2, 27, 
2022/2/7, 7, 1, 25, 
2022/2/8, 5, 4, 31, 
2022/2/9, 15, 3, 32, 
2022/2/10, 11, 2, 31, 
2022/2/11, 6, 4, 31, 
2022/2/12, 16, 6, 26, 1
2022/2/13, 27, 9, 16, 2
2022/2/14, 39, 15, 29, 3
2022/2/15, 53, 5, 26, 1
2022/2/16, 20, 3, 25, 
2022/2/17, 12, 2, 23, 1
2022/2/18, 8, 3, 25, 
2022/2/19, 11, 4, 25, 1
2022/2/20, 16, 1, 29, 
2022/2/21, 5, 4, 30, 
2022/2/22, 16, 5, 27, 3
2022/2/23, 22, 3, 31, 1
2022/2/24, 12, 2, 28, 
2022/2/25, 9, 4, 30, 
2022/2/26, 12, 4, 32, 
2022/2/27, 15, 4, 27, 1
2022/2/28, 16, 9, 28, 1
2022/3/1, 34, 7, 27, 1
2022/3/2, 31, 2, 32, 
2022/3/3, 7, 2, 29, 
2022/3/4, 10, 4, 30, 1
2022/3/5, 13, 2, 34, 
2022/3/6, 6, 2, 33, 
2022/3/7, 8, 3, 29, 
2022/3/8, 12, 4, 28, 
2022/3/9, 16, 5, 31, 
2022/3/10, 17, 8, 32, 1
2022/3/11, 30, 7, 32, 1
2022/3/12, 27, 8, 29, 1
2022/3/13, 30, 22, 36, 2
2022/3/14, 63, 32, 36, 3
2022/3/15, 93, 23, 30, 3
2022/3/16, 71, 17, 37, 2
2022/3/17, 59, 12, 33, 1
2022/3/18, 40, 3, 29, 
2022/3/19, 12, 5, 28, 
2022/3/20, 14, 18, 40, 1
2022/3/21, 55, 27, 44, 2
2022/3/22, 77, 16, 37, 1
2022/3/23, 57, 14, 32, 1
2022/3/24, 48, 13, 36, 1
2022/3/25, 46, 3, 33, 
2022/3/26, 9, 3, 31, 
2022/3/27, 11, 3, 40, 
2022/3/28, 11, 2, 34, 
2022/3/29, 8, 2, 33, 
2022/3/30, 10, 3, 34, 
2022/3/31, 11, 3, 30, 
2021/10/1, 18, 11, 28, 
2021/10/2, 40, 21, 27, 1
2021/10/3, 65, 22, 25, 1
2021/10/4, 67, 13, 17, 
2021/10/5, 45, 17, 24, 1
2021/10/6, 50, 8, 16, 
2021/10/7, 28, 11, 18, 1
2021/10/8, 38, 10, 23, 
2021/10/9, 39, 12, 24, 
2021/10/10, 45, 10, 23, 
2021/10/11, 40, 2, 19, 
2021/10/12, 7, 2, 21, 
2021/10/13, 6, 2, 18, 1
2021/10/14, 9, 3, 24, 
2021/10/15, 12, 2, 24, 
2021/10/16, 10, 2, 26, 
2021/10/17, 5, 2, 25, 
2021/10/18, 5, 3, 22, 1
2021/10/19, 12, 4, 31, 
2021/10/20, 18, 4, 29, 
2021/10/21, 15, 1, 24, 
2021/10/22, 3, 2, 22, 
2021/10/23, 7, 4, 21, 
2021/10/24, 15, 7, 24, 1
2021/10/25, 27, 10, 22, 1
2021/10/26, 38, 4, 19, 
2021/10/27, 13, 5, 24, 
2021/10/28, 20, 11, 18, 
2021/10/29, 47, 20, 17, 1
2021/10/30, 66, 23, 19, 1
2021/10/31, 73, 18, 24, 1
2021/11/1, 63, 30, 25, 1
2021/11/2, 88, 24, 24, 1
2021/11/3, 76, 8, 14, 
2021/11/4, 29, 3, 15, 
2021/11/5, 11, 2, 16, 
2021/11/6, 8, 2, 22, 
2021/11/7, 9, 2, 23, 
2021/11/8, 6, 2, 16, 
2021/11/9, 10, 2, 21, 
2021/11/10, 8, 4, 24, 
2021/11/11, 13, 1, 23, 
2021/11/12, 4, 4, 7, 
2021/11/13, 17, 3, 9, 
2021/11/14, 11, 3, 17, 
2021/11/15, 12, 5, 18, 1
2021/11/16, 21, 4, 18, 1
2021/11/17, 17, 2, 17, 
2021/11/18, 9, 2, 22, 
2021/11/19, 9, 1, 27, 
2021/11/20, 3, 1, 22, 
2021/11/21, 4, 2, 23, 
2021/11/22, 7, 2, 23, 
2021/11/23, 7, 2, 21, 1
2021/11/24, 10, 2, 22, 
2021/11/25, 6, 2, 19, 
2021/11/26, 8, 2, 19, 
2021/11/27, 8, 2, 19, 
2021/11/28, 10, 2, 24, 
2021/11/29, 9, 3, 21, 
2021/11/30, 13, 4, 18, 
2021/12/1, 17, 2, 20, 
2021/12/2, 10, 3, 20, 
2021/12/3, 15, 4, 15, 
2021/12/4, 20, 2, 25, 
2021/12/5, 10, 3, 19, 
2021/12/6, 14, 6, 12, 1
2021/12/7, 28, 5, 23, 2
2021/12/8, 26, 4, 27, 
2021/12/9, 15, 3, 16, 1
2021/12/10, 15, 5, 7, 3
2021/12/11, 17, 9, 6, 3
2021/12/12, 38, 6, 11, 2
2021/12/13, 27, 2, 19, 1
2021/12/14, 13, 3, 20, 
2021/12/15, 13, 1, 24, 
2021/12/16, 7, 2, 24, 
2021/12/17, 10, 1, 27, 
2021/12/18, 6, 1, 29, 
2021/12/19, 3, 2, 26, 
2021/12/20, 7, 2, 21, 
2021/12/21, 9, 5, 16, 2
2021/12/22, 20, 3, 21, 1
2021/12/23, 14, 1, 29, 
2021/12/24, 6, 1, 28, 
2021/12/25, 6, 2, 24, 
2021/12/26, 11, 5, 17, 1
2021/12/27, 26, 6, 24, 1
2021/12/28, 28, 13, 22, 2
2021/12/29, 56, 14, 23, 3
2021/12/30, 50, 4, 17, 
2021/12/31, 14, 3, 20, 
2022/1/1, 12, 3, 21, 
2022/1/2, 12, 4, 16, 1
2021/7/1, 14, 6, 22, 
2021/7/2, 23, 8, 26, 
2021/7/3, 30, 9, 24, 
2021/7/4, 30, 10, 24, 
2021/7/5, 32, 11, 27, 
2021/7/6, 33, 11, 24, 
2021/7/7, 43, 13, 21, 
2021/7/8, 39, 9, 21, 
2021/7/9, 28, 12, 30, 
2021/7/10, 43, 7, 24, 
2021/7/11, 28, 8, 22, 
2021/7/12, 27, 9, 21, 
2021/7/13, 30, 12, 27, 
2021/7/14, 41, 18, 33, 
2021/7/15, 58, 10, 19, 
2021/7/16, 34, 10, 19, 
2021/7/17, 39, 9, 20, 
2021/7/18, 32, 3, 18, 
2021/7/19, 10, 4, 20, 
2021/7/20, 15, 2, 18, 
2021/7/21, 7, 3, 20, 
2021/7/22, 11, 4, 20, 
2021/7/23, 13, 5, 17, 
2021/7/24, 15, 6, 24, 
2021/7/25, 21, 8, 21, 
2021/7/26, 25, 12, 28, 1
2021/7/27, 37, 20, 20, 
2021/7/28, 63, 13, 27, 
2021/7/29, 45, 3, 22, 
2021/7/30, 12, 6, 20, 
2021/7/31, 22, 8, 21, 
2021/8/1, 26, 4, 22, 
2021/8/2, 14, 2, 18, 
2021/8/3, 7, 2, 20, 
2021/8/4, 7, 3, 25, 
2021/8/5, 10, 4, 27, 
2021/8/6, 14, 5, 22, 
2021/8/7, 18, 6, 20, 
2021/8/8, 20, 7, 23, 
2021/8/9, 25, 9, 20, 
2021/8/10, 32, 8, 21, 
2021/8/11, 27, 9, 15, 
2021/8/12, 29, 11, 31, 
2021/8/13, 33, 9, 24, 
2021/8/14, 31, 4, 21, 
2021/8/15, 11, 5, 24, 
2021/8/16, 17, 6, 18, 
2021/8/17, 25, 3, 16, 
2021/8/18, 11, 3, 19, 
2021/8/19, 9, 2, 24, 
2021/8/20, 7, 2, 21, 
2021/8/21, 7, 3, 19, 
2021/8/22, 8, 3, 17, 
2021/8/23, 10, 3, 23, 
2021/8/24, 9, 3, 21, 
2021/8/25, 11, 3, 21, 
2021/8/26, 11, 7, 15, 
2021/8/27, 23, 10, 22, 
2021/8/28, 31, 11, 22, 
2021/8/29, 36, 9, 17, 
2021/8/30, 28, 7, 20, 
2021/8/31, 25, 5, 23, 
2021/9/1, 16, 5, 26, 
2021/9/2, 15, 4, 27, 
2021/9/3, 11, 2, 21, 
2021/9/4, 6, 3, 19, 
2021/9/5, 10, 5, 20, 
2021/9/6, 16, 7, 27, 
2021/9/7, 22, 7, 25, 
2021/9/8, 26, 8, 18, 
2021/9/9, 25, 6, 20, 
2021/9/10, 25, 12, 20, 
2021/9/11, 39, 12, 18, 
2021/9/12, 44, 4, 23, 
2021/9/13, 12, 4, 21, 
2021/9/14, 12, 4, 20, 
2021/9/15, 12, 5, 23, 
2021/9/16, 18, 6, 21, 
2021/9/17, 23, 4, 20, 
2021/9/18, 14, 5, 18, 
2021/9/19, 18, 6, 21, 
2021/9/20, 22, 7, 16, 
2021/9/21, 22, 7, 18, 
2021/9/22, 23, 5, 24, 
2021/9/23, 16, 1, 22, 
2021/9/24, 5, 4, 17, 
2021/9/25, 14, 4, 13, 
2021/9/26, 11, 5, 19, 
2021/9/27, 16, 7, 22, 
2021/9/28, 24, 14, 21, 
2021/9/29, 44, 19, 23, 
2021/9/30, 53, 5, 30, 
2021/4/1, 4, 1, 34, 
2021/4/2, 5, 2, 34, 
2021/4/3, 5, 4, 35, 
2021/4/4, 13, 3, 34, 
2021/4/5, 10, 1, 28, 
2021/4/6, 4, 2, 28, 
2021/4/7, 7, 2, 30, 
2021/4/8, 10, 3, 33, 
2021/4/9, 9, 1, 30, 
2021/4/10, 5, 2, 35, 
2021/4/11, 7, 8, 30, 1
2021/4/12, 30, 2, 29, 
2021/4/13, 7, 1, 31, 
2021/4/14, 5, 3, 32, 
2021/4/15, 10, 4, 32, 
2021/4/16, 13, 4, 28, 
2021/4/17, 13, 6, 29, 
2021/4/18, 15, 5, 28, 
2021/4/19, 18, 17, 28, 
2021/4/20, 23, 10, 34, 1
2021/4/21, 18, 3, 29, 
2021/4/22, 11, 2, 29, 
2021/4/23, 5, 1, 25, 
2021/4/24, 4, 1, 26, 
2021/4/25, 5, 2, 30, 
2021/4/26, 8, 2, 31, 
2021/4/27, 9, 3, 28, 1
2021/4/28, 10, 3, 28, 1
2021/4/29, 12, 2, 31, 
2021/4/30, 10, 4, 29, 1
2021/5/1, 16, 3, 30, 1
2021/5/2, 12, 3, 30, 1
2021/5/3, 11, 3, 31, 1
2021/5/4, 11, 2, 29, 1
2021/5/5, 9, 1, 24, 
2021/5/6, 5, 2, 28, 
2021/5/7, 8, 4, 25, 
2021/5/8, 17, 6, 32, 
2021/5/9, 24, 14, 47, 1
2021/5/10, 51, 13, 41, 1
2021/5/11, 44, 17, 44, 1
2021/5/12, 44, 22, 44, 1
2021/5/13, 54, 20, 34, 2
2021/5/14, 65, 11, 30, 
2021/5/15, 45, 6, 29, 
2021/5/16, 24, 5, 29, 
2021/5/17, 20, 7, 31, 
2021/5/18, 26, 5, 24, 
2021/5/19, 18, 6, 27, 
2021/5/20, 21, 4, 21, 
2021/5/21, 18, 5, 31, 
2021/5/22, 17, 6, 26, 
2021/5/23, 24, 2, 23, 
2021/5/24, 9, 5, 30, 
2021/5/25, 20, 6, 27, 
2021/5/26, 20, 1, 22, 
2021/5/27, 4, 5, 25, 
2021/5/28, 20, 6, 30, 
2021/5/29, 19, 6, 29, 
2021/5/30, 21, 6, 28, 
2021/5/31, 23, 4, 29, 
2021/6/1, 15, 6, 29, 
2021/6/2, 20, 8, 31, 
2021/6/3, 24, 8, 29, 
2021/6/4, 25, 8, 32, 
2021/6/5, 25, 10, 31, 
2021/6/6, 31, 14, 28, 
2021/6/7, 48, 15, 16, 
2021/6/8, 57, 14, 18, 
2021/6/9, 50, 13, 30, 
2021/6/10, 47, 10, 29, 
2021/6/11, 32, 8, 22, 
2021/6/12, 29, 5, 23, 
2021/6/13, 14, 6, 29, 
2021/6/14, 18, 5, 27, 
2021/6/15, 12, 4, 24, 
2021/6/16, 11, 9, 37, 
2021/6/17, 25, 15, 51, 
2021/6/18, 44, 11, 42, 
2021/6/19, 42, 24, 38, 
2021/6/20, 75, 20, 38, 
2021/6/21, 63, 25, 29, 
2021/6/22, 66, 6, 19, 
2021/6/23, 22, 5, 16, 
2021/6/24, 20, 7, 17, 
2021/6/25, 24, 6, 18, 
2021/6/26, 24, 7, 13, 
2021/6/27, 27, 12, 12, 
2021/6/28, 42, 10, 20, 
2021/6/29, 33, 10, 21, 
2021/6/30, 34, 5, 24, 
2021/1/12, 9, 4, 19, 1
2021/1/13, 20, 7, 23, 1
2021/1/14, 29, 4, 26, 
2021/1/15, 16, 2, 24, 
2021/1/16, 9, 4, 20, 
2021/1/17, 17, 6, 19, 1
2021/1/18, 24, 8, 22, 2
2021/1/19, 36, 12, 23, 1
2021/1/20, 49, 6, 21, 1
2021/1/21, 24, 5, 24, 1
2021/1/22, 18, , , 
2021/1/24, 24, 1, 25, 
2021/1/25, 4, 2, 23, 
2021/1/26, 6, 1, 24, 
2021/1/27, 6, 3, 20, 
2021/1/28, 13, 4, 19, 
2021/1/29, 17, , , 
2021/2/1, 18, 4, 24, 2
2021/2/2, 17, 5, 21, 
2021/2/3, 21, 3, 27, 
2021/2/4, 15, 4, 30, 
2021/2/5, 19, 3, 30, 
2021/2/6, 11, 1, 27, 
2021/2/7, 5, 1, 26, 
2021/2/8, 5, 1, 25, 
2021/2/9, 5, 3, 30, 1
2021/2/10, 13, 2, 29, 
2021/2/11, 8, 2, 30, 
2021/2/12, 8, 2, 33, 
2021/2/13, 6, 1, 32, 
2021/2/14, 5, 3, 27, 1
2021/2/15, 12, 4, 26, 2
2021/2/16, 17, 2, 32, 
2021/2/17, 8, 4, 31, 1
2021/2/18, 16, 17, 32, 
2021/2/19, 61, 17, 24, 1
2021/2/20, 54, 11, 16, 1
2021/2/21, 44, 12, 11, 1
2021/2/22, 47, 16, 16, 2
2021/2/23, 57, 12, 21, 1
2021/2/24, 48, 6, 25, 
2021/2/25, 23, 3, 33, 
2021/2/26, 12, 1, 30, 
2021/2/27, 3, 2, 28, 
2021/2/28, 7, 5, 27, 
2021/3/1, 16, 3, 33, 
2021/3/2, 12, 4, 32, 
2021/3/3, 13, 2, 32, 
2021/3/4, 7, 2, 30, 
2021/3/5, 7, 4, 33, 
2021/3/6, 10, 2, 34, 
2021/3/7, 6, 3, 34, 
2021/3/8, 9, 5, 29, 
2021/3/9, 14, 6, 31, 1
2021/3/10, 28, 12, 32, 1
2021/3/11, 42, 9, 26, 1
2021/3/12, 42, 6, 25, 
2021/3/13, 26, 6, 19, 
2021/3/14, 25, 5, 19, 
2021/3/15, 21, 3, 24, 
2021/3/16, 13, 3, 26, 
2021/3/17, 13, 3, 28, 
2021/3/18, 14, 3, 26, 
2021/3/19, 9, 4, 26, 
2021/3/20, 14, 2, 35, 
2021/3/21, 7, 1, 32, 
2021/3/22, 4, 3, 29, 
2021/3/23, 7, 7, 29, 
2021/3/24, 24, 6, 32, 
2021/3/25, 23, 9, 29, 
2021/3/26, 33, 27, 35, 1
2021/3/27, 84, 16, 29, 
2021/3/28, 52, 4, 24, 
2021/3/29, 15, 2, 24, 
2021/3/30, 9, 2, 29, 
2021/3/31, 10, 1, 27, 
2020/10/1, 51, 43, 20, 1
2020/10/2, 92, 40, 21, 1
2020/10/3, 89, 31, 18, 1
2020/10/4, 86, 9, 22, 1
2020/10/5, 29, 9, 19, 
2020/10/6, 34, 5, 17, 
2020/10/7, 17, 5, 18, 
2020/10/8, 16, 4, 21, 
2020/10/9, 14, 5, 17, 
2020/10/10, 19, 3, 22, 
2020/10/11, 10, 2, 18, 
2020/10/12, 8, 2, 20, 
2020/10/13, 6, 1, 26, 
2020/10/14, 4, 1, 25, 
2020/10/15, 4, 2, 20, 
2020/10/16, 6, 3, 21, 
2020/10/17, 9, 1, 24, 
2020/10/18, 4, 1, 23, 
2020/10/19, 4, 2, 22, 
2020/10/20, 8, 13, 21, 1
2020/10/21, 48, 6, 14, 1
2020/10/22, 21, 1, 16, 
2020/10/23, 6, 3, 17, 
2020/10/24, 14, 5, 17, 
2020/10/25, 21, 9, 16, 1
2020/10/26, 33, 10, 17, 1
2020/10/27, 36, 6, 16, 1
2020/10/28, 24, 7, 14, 
2020/10/29, 25, 7, 6, 
2020/10/30, 22, 5, 18, 
2020/10/31, 20, 5, 22, 
2020/11/1, 22, 7, 18, 
2020/11/2, 28, 3, 25, 
2020/11/3, 11, 6, 17, 
2020/11/4, 20, 2, 22, 
2020/11/5, 8, 2, 18, 
2020/11/6, 8, 4, 24, 
2020/11/7, 15, 4, 17, 
2020/11/8, 13, 4, 15, 
2020/11/9, 14, 6, 14, 
2020/11/10, 24, 9, 14, 1
2020/11/11, 35, 17, 14, 1
2020/11/12, 60, 8, 15, 
2020/11/13, 36, 8, 18, 
2020/11/14, 34, 13, 12, 1
2020/11/15, 48, 20, 17, 1
2020/11/16, 68, 4, 19, 1
2020/11/17, 16, 2, 23, 
2020/11/18, 8, 3, 28, 
2020/11/19, 10, 2, 26, 
2020/11/20, 6, 2, 26, 
2020/11/21, 6, 3, 26, 
2020/11/22, 13, 1, 29, 
2020/11/23, 4, 2, 24, 
2020/11/24, 10, 5, 19, 
2020/11/25, 20, 6, 16, 
2020/11/26, 24, 1, 20, 
2020/11/27, 5, 2, 16, 
2020/11/28, 9, 4, 10, 
2020/11/29, 19, 8, 12, 1
2020/11/30, 32, 7, 12, 
2020/12/1, 30, 6, 13, 1
2020/12/2, 25, 10, 20, 
2020/12/3, 44, 7, 16, 
2020/12/4, 27, 17, 15, 1
2020/12/5, 61, 18, 16, 
2020/12/6, 64, 10, 23, 
2020/12/7, 42, 10, 23, 
2020/12/8, 39, 10, 19, 
2020/12/9, 41, 12, 22, 
2020/12/10, 45, 11, 20, 1
2020/12/11, 45, 10, 21, 
2020/12/12, 42, 13, 18, 
2020/12/13, 54, , , 
2018/10/1, 4, 5, , 
2018/10/2, 6, 4, , 
2018/10/3, 4, 4, , 
2018/10/4, 6, 6, , 
2018/10/5, 11, 8, , 
2018/10/6, 10, 6, , 
2018/10/7, 9, 6, , 
2018/10/8, 11, 6, , 
2018/10/9, 10, 9, , 
2018/10/10, 17, 10, , 
2018/10/11, 23, 19, , 
2018/10/12, 51, 25, , 
2018/10/13, 70, 27, , 
2018/10/14, 70, 28, , 
2018/10/15, 71, 22, , 
2018/10/16, 59, 16, , 
2018/10/17, 43, 14, , 
2018/10/18, 41, 7, , 
2018/10/19, 12, 6, , 
2018/10/20, 11, 6, , 
2018/10/21, 16, 4, , 
2018/10/22, 5, 2, , 
2018/10/23, 1, 1, , 
2018/7/1, 8, 6, , 
2018/7/2, 15, 6, , 
2018/7/3, 14, 6, , 
2018/7/4, 8, 5, , 
2018/7/5, 8, 8, , 
2018/7/6, 15, 6, , 
2018/7/7, 15, 6, , 
2018/7/8, 12, 8, , 
2018/7/9, 14, 11, , 
2018/7/10, 21, 10, , 
2018/7/11, 29, 9, , 
2018/7/12, 19, 11, , 
2018/7/13, 21, 9, , 
2018/7/14, 16, 11, , 
2018/7/15, 27, 11, , 
2018/7/16, 33, 14, , 
2018/7/17, 36, 21, , 
2018/7/18, 42, 13, , 
2018/7/19, 30, 13, , 
2018/7/20, 44, 14, , 
2018/7/21, 50, 10, , 
2018/7/22, 36, 12, , 
2018/7/23, 17, 13, , 
2018/7/24, 28, 11, , 
2018/7/25, 21, 13, , 
2018/7/26, 31, 13, , 
2018/7/27, 50, 19, , 
2018/7/28, 48, 22, , 
2018/7/29, 53, 18, , 
2018/7/30, 52, 19, , 
2018/7/31, 50, 19, , 
2018/8/1, 47, 20, , 
2018/8/2, 58, 74, , 
2018/8/3, 177, 94, , 
2018/8/4, 197, 95, , 
2018/8/5, 197, 95, , 
2018/8/6, 197, 45, , 
2018/8/7, 128, 18, , 
2018/8/8, 55, 21, , 
2018/8/9, 56, 21, , 
2018/8/10, 53, 9, , 
2018/8/11, 13, 6, , 
2018/8/12, 19, 4, , 
2018/8/13, 4, 5, , 
2018/8/14, 6, 5, , 
2018/8/15, 9, 7, , 
2018/8/16, 14, 13, , 
2018/8/17, 29, 10, , 
2018/8/18, 19, 7, , 
2018/8/19, 15, 7, , 
2018/8/20, 14, 5, , 
2018/8/21, 8, 6, , 
2018/8/22, 10, 12, , 
2018/8/23, 28, 16, , 
2018/8/24, 38, 9, , 
2018/8/25, 21, 5, , 
2018/8/26, 7, 5, , 
2018/8/27, 7, 8, , 
2018/8/28, 18, 8, , 
2018/8/29, 24, 8, , 
2018/8/30, 20, 8, , 
2018/8/31, 19, 8, , 
2018/9/1, 18, 8, , 
2018/9/2, 19, 10, , 
2018/9/3, 18, 9, , 
2018/9/4, 20, 8, , 
2018/9/5, 25, 8, , 
2018/9/6, 21, 14, , 
2018/9/7, 43, 28, , 
2018/9/8, 58, 15, , 
2018/9/9, 31, 9, , 
2018/9/10, 23, 10, , 
2018/9/11, 21, 8, , 
2018/9/12, 9, 8, , 
2018/9/13, 10, 8, , 
2018/9/14, 12, 7, , 
2018/9/15, 10, 4, , 
2018/9/16, 6, 6, , 
2018/9/17, 16, 9, , 
2018/9/18, 18, 13, , 
2018/9/19, 27, 14, , 
2018/9/20, 22, 15, , 
2018/9/21, 27, 11, , 
2018/9/22, 18, 6, , 
2018/9/23, 3, 2, , 
2018/9/24, 4, 4, , 
2018/9/25, 4, 8, , 
2018/9/26, 14, 5, , 
2018/9/27, 7, 4, , 
2018/9/28, 3, 4, , 
2018/9/29, 6, 7, , 
2018/9/30, 10, 5, , 
2018/4/1, 18, 7, , 
2018/4/2, 18, 6, , 
2018/4/3, 12, 7, , 
2018/4/4, 14, 6, , 
2018/4/5, 15, 5, , 
2018/4/6, 7, 7, , 
2018/4/7, 19, 11, , 
2018/4/8, 26, 12, , 
2018/4/9, 27, 6, , 
2018/4/10, 13, 7, , 
2018/4/11, 17, 7, , 
2018/4/12, 17, 9, , 
2018/4/13, 20, 13, , 
2018/4/14, 30, 18, , 
2018/4/15, 54, 14, , 
2018/4/16, 43, 12, , 
2018/4/17, 36, 11, , 
2018/4/18, 28, 7, , 
2018/4/19, 14, 12, , 
2018/4/20, 24, 9, , 
2018/4/21, 17, 3, , 
2018/4/22, 8, 4, , 
2018/4/23, 6, 4, , 
2018/4/24, 4, 3, , 
2018/4/25, 6, 7, , 
2018/4/26, 26, 12, , 
2018/4/27, 53, 6, , 
2018/4/28, 21, 8, , 
2018/4/29, 28, 6, , 
2018/4/30, 11, 4, , 
2018/5/1, 8, 4, , 
2018/5/2, 13, 5, , 
2018/5/3, 4, 2, , 
2018/5/4, 3, 7, , 
2018/5/5, 13, 14, , 
2018/5/6, 17, 11, , 
2018/5/7, 11, 8, , 
2018/5/8, 15, 9, , 
2018/5/9, 10, 10, , 
2018/5/10, 14, 20, , 
2018/5/11, 21, 22, , 
2018/5/12, 32, 29, , 
2018/5/13, 29, 26, , 
2018/5/14, 35, 29, , 
2018/5/15, 30, 26, , 
2018/5/16, 31, 30, , 
2018/5/17, 21, 12, , 
2018/5/18, 10, 11, , 
2018/5/19, 11, 13, , 
2018/5/20, 18, 16, , 
2018/5/21, 28, 16, , 
2018/5/22, 21, 13, , 
2018/5/23, 18, 8, , 
2018/5/24, 10, 11, , 
2018/5/25, 15, 11, , 
2018/5/26, 20, 10, , 
2018/5/27, 22, 9, , 
2018/5/28, 12, 13, , 
2018/5/29, 25, 13, , 
2018/5/30, 32, 9, , 
2018/5/31, 14, 9, , 
2018/6/1, 13, , , 
2018/6/5, 2, 5, , 
2018/6/6, 7, 7, , 
2018/6/7, 14, 6, , 
2018/6/8, 10, 7, , 
2018/6/9, 10, 12, , 
2018/6/10, 21, 14, , 
2018/6/11, 43, 8, , 
2018/6/12, 23, 6, , 
2018/6/13, 7, 7, , 
2018/6/14, 13, 11, , 
2018/6/15, 17, 9, , 
2018/6/16, 20, 11, , 
2018/6/17, 28, 8, , 
2018/6/18, 18, 12, , 
2018/6/19, 11, 11, , 
2018/6/20, 16, 6, , 
2018/6/21, 14, 3, , 
2018/6/22, 5, 4, , 
2018/6/23, 3, 4, , 
2018/6/24, 10, 5, , 
2018/6/25, 11, 6, , 
2018/6/26, 12, 9, , 
2018/6/27, 21, 10, , 
2018/6/28, 24, 7, , 
2018/6/29, 17, 4, , 
2018/6/30, 19, 4, , 
2018/1/1, 14, 2, , 
2018/1/2, 5, 4, , 
2018/1/3, 14, 6, , 
2018/1/4, 18, 1, , 
2018/1/5, 3, 3, , 
2018/1/6, 9, 6, , 
2018/1/7, 22, 7, , 
2018/1/8, 20, 6, , 
2018/1/9, 11, 8, , 
2018/1/10, 16, 5, , 
2018/1/11, 10, 6, , 
2018/1/12, 16, 7, , 
2018/1/13, 10, 8, , 
2018/1/14, 16, 10, , 
2018/1/15, 25, 14, , 
2018/1/16, 37, 11, , 
2018/1/17, 32, 11, , 
2018/1/18, 40, 12, , 
2018/1/19, 41, 11, , 
2018/1/20, 38, 12, , 
2018/1/21, 42, 8, , 
2018/1/22, 19, 13, , 
2018/1/23, 39, 14, , 
2018/1/24, 38, 8, , 
2018/1/25, 13, 13, , 
2018/1/26, 29, 9, , 
2018/1/27, 16, 5, , 
2018/1/28, 7, 6, , 
2018/1/29, 16, 7, , 
2018/1/30, 17, 5, , 
2018/1/31, 9, 6, , 
2018/2/1, 11, 7, , 
2018/2/2, 18, 9, , 
2018/2/3, 26, 9, , 
2018/2/4, 24, 5, , 
2018/2/5, 10, 5, , 
2018/2/6, 8, 8, , 
2018/2/7, 22, 9, , 
2018/2/8, 27, 8, , 
2018/2/9, 18, 6, , 
2018/2/10, 16, 7, , 
2018/2/11, 20, 11, , 
2018/2/12, 36, 6, , 
2018/2/13, 11, 8, , 
2018/2/14, 16, 7, , 
2018/2/15, 18, 11, , 
2018/2/16, 36, 14, , 
2018/2/17, 44, 13, , 
2018/2/18, 44, 13, , 
2018/2/19, 46, 12, , 
2018/2/20, 39, 8, , 
2018/2/21, 24, 7, , 
2018/2/22, 18, 9, , 
2018/2/23, 27, 6, , 
2018/2/24, 15, 6, , 
2018/2/25, 12, 5, , 
2018/2/26, 8, 9, , 
2018/2/27, 17, 9, , 
2018/2/28, 20, 7, , 
2018/3/1, 16, 5, , 
2018/3/2, 9, 6, , 
2018/3/3, 13, 7, , 
2018/3/4, 19, 9, , 
2018/3/5, 28, 12, , 
2018/3/6, 40, 13, , 
2018/3/7, 39, 12, , 
2018/3/8, 36, 13, , 
2018/3/9, 49, 13, , 
2018/3/10, 38, 11, , 
2018/3/11, 37, 10, , 
2018/3/12, 32, 9, , 
2018/3/13, 26, 7, , 
2018/3/14, 23, 6, , 
2018/3/15, 16, 5, , 
2018/3/16, 14, 6, , 
2018/3/17, 11, 6, , 
2018/3/18, 9, 6, , 
2018/3/19, 10, 7, , 
2018/3/20, 14, 7, , 
2018/3/21, 14, 5, , 
2018/3/22, 9, 5, , 
2018/3/23, 23, 5, , 
2018/3/24, 12, 6, , 
2018/3/25, 16, 6, , 
2018/3/26, 13, 8, , 
2018/3/27, 20, 7, , 
2018/3/28, 22, 7, , 
2018/3/29, 39, 6, , 
2018/3/30, 14, 6, , 
2018/3/31, 12, 8, , 
2017/10/1, 34, 19, , 
2017/10/2, 42, 6, , 
2017/10/3, 9, 3, , 
2017/10/6, 4, 6, , 
2017/10/7, 8, 6, , 
2017/10/8, 10, 4, , 
2017/10/9, 6, 6, , 
2017/10/10, 10, 6, , 
2017/10/11, 7, 6, , 
2017/10/12, 9, 5, , 
2017/10/13, 9, 8, , 
2017/10/14, 13, 10, , 
2017/10/15, 14, 12, , 
2017/10/16, 29, 11, , 
2017/10/17, 22, 5, , 
2017/10/18, 8, 5, , 
2017/10/19, 7, 9, , 
2017/10/20, 10, 8, , 
2017/10/21, 15, 7, , 
2017/10/22, 13, 6, , 
2017/10/23, 11, 7, , 
2017/10/24, 6, 7, , 
2017/10/25, 17, 2, , 
2017/10/27, 2, 4, , 
2017/10/28, 2, 1, , 
2017/10/30, 7, 7, , 
2017/10/31, 11, 7, , 
2017/11/1, 8, 4, , 
2017/11/2, 12, 7, , 
2017/11/3, 9, 8, , 
2017/11/4, 15, 16, , 
2017/11/5, 43, 8, , 
2017/11/6, 8, 8, , 
2017/11/7, 15, 11, , 
2017/11/8, 24, 10, , 
2017/11/9, 26, 6, , 
2017/11/10, 17, 1, , 
2017/11/12, 9, 3, , 
2017/11/13, 8, 7, , 
2017/11/14, 12, 6, , 
2017/11/15, 7, 8, , 
2017/11/16, 15, 7, , 
2017/11/17, 12, 6, , 
2017/11/18, 6, 2, , 
2017/11/19, 1, 3, , 
2017/11/20, 1, 4, , 
2017/11/21, 2, , , 
2017/11/23, 27, 9, , 
2017/11/24, 10, 7, , 
2017/11/25, 8, 5, , 
2017/11/26, 6, 4, , 
2017/11/27, 1, 13, , 
2017/11/28, 27, 5, , 
2017/11/29, 3, 4, , 
2017/11/30, 7, 5, , 
2017/12/1, 6, 6, , 
2017/12/2, 6, 5, , 
2017/12/3, 4, 6, , 
2017/12/4, 7, 5, , 
2017/12/5, 6, 4, , 
2017/12/6, 1, 5, , 
2017/12/7, 7, 2, , 
2017/12/10, 2, 5, , 
2017/12/11, 5, 5, , 
2017/12/12, 7, 4, , 
2017/12/13, 6, 9, , 
2017/12/14, 19, 2, , 
2017/12/15, 8, 4, , 
2017/12/16, 5, 8, , 
2017/12/17, 19, 9, , 
2017/12/18, 21, 8, , 
2017/12/19, 18, 9, , 
2017/12/20, 23, 6, , 
2017/12/21, 10, 5, , 
2017/12/22, 7, 4, , 
2017/12/23, 3, 1, , 
2017/12/24, 1, 3, , 
2017/12/25, 2, 2, , 
2017/12/27, 5, 15, , 
2017/12/28, 30, 9, , 
2017/12/29, 27, 5, , 
2017/12/30, 10, , , 
2017/7/1, 10, 7, , 
2017/7/2, 13, 8, , 
2017/7/3, 10, 4, , 
2017/7/4, 7, 10, , 
2017/7/5, 7, 10, , 
2017/7/6, 10, 8, , 
2017/7/7, 23, 9, , 
2017/7/8, 26, 8, , 
2017/7/9, 19, 12, , 
2017/7/10, 19, 11, , 
2017/7/11, 21, 12, , 
2017/7/12, 14, 5, , 
2017/7/13, 3, 5, , 
2017/7/14, 6, 9, , 
2017/7/15, 16, 12, , 
2017/7/16, 26, 7, , 
2017/7/17, 15, 5, , 
2017/7/18, 6, 5, , 
2017/7/19, 6, 7, , 
2017/7/20, 11, 5, , 
2017/7/21, 10, 5, , 
2017/7/22, 11, 7, , 
2017/7/23, 18, 8, , 
2017/7/24, 19, 9, , 
2017/7/25, 16, 8, , 
2017/7/26, 13, 9, , 
2017/7/27, 18, 9, , 
2017/7/28, 18, 11, , 
2017/7/29, 17, 10, , 
2017/7/30, 22, 10, , 
2017/7/31, 15, 11, , 
2017/8/1, 22, 9, , 
2017/8/2, 23, 7, , 
2017/8/3, 26, 8, , 
2017/8/4, 14, 8, , 
2017/8/5, 11, 7, , 
2017/8/6, 11, 8, , 
2017/8/7, 12, 10, , 
2017/8/8, 22, 11, , 
2017/8/9, 11, 11, , 
2017/8/10, 16, 7, , 
2017/8/11, 7, 10, , 
2017/8/12, 15, 6, , 
2017/8/13, 6, 6, , 
2017/8/14, 10, 8, , 
2017/8/15, 11, 10, , 
2017/8/16, 18, 8, , 
2017/8/17, 14, 9, , 
2017/8/18, 16, 8, , 
2017/8/19, 25, 8, , 
2017/8/20, 10, 8, , 
2017/8/21, 12, 6, , 
2017/8/22, 6, 5, , 
2017/8/23, 7, 5, , 
2017/8/24, 8, 7, , 
2017/8/25, 8, 5, , 
2017/8/26, 5, 6, , 
2017/8/27, 10, 7, , 
2017/8/28, 13, 11, , 
2017/8/29, 22, 12, , 
2017/8/30, 26, 10, , 
2017/8/31, 21, 5, , 
2017/9/1, 5, 6, , 
2017/9/2, 14, 7, , 
2017/9/3, 10, 9, , 
2017/9/4, 15, 10, , 
2017/9/5, 16, , , 
2017/9/10, 17, 9, , 
2017/9/11, 19, 9, , 
2017/9/12, 18, 8, , 
2017/9/13, 7, 4, , 
2017/9/14, 6, 5, , 
2017/9/15, 7, 7, , 
2017/9/16, 11, 7, , 
2017/9/17, 11, 8, , 
2017/9/18, 12, 5, , 
2017/9/19, 3, 7, , 
2017/9/20, 12, 9, , 
2017/9/21, 25, 13, , 
2017/9/22, 30, 17, , 
2017/9/23, 34, 16, , 
2017/9/24, 32, 15, , 
2017/9/25, 33, 16, , 
2017/9/26, 44, 15, , 
2017/9/27, 39, 17, , 
2017/9/28, 38, 15, , 
2017/9/29, 26, 14, , 
2017/9/30, 26, 16, , 
2017/4/1, 22, 8, , 
2017/4/2, 19, 6, , 
2017/4/3, 12, 8, , 
2017/4/4, 17, 9, , 
2017/4/5, 23, 1, , 
2017/4/7, 3, 5, , 
2017/4/8, 13, 7, , 
2017/4/9, 16, 17, , 
2017/4/10, 48, 3, , 
2017/4/11, 9, 5, , 
2017/4/12, 7, 5, , 
2017/4/13, 8, 7, , 
2017/4/14, 14, 6, , 
2017/4/15, 16, 5, , 
2017/4/16, 11, 7, , 
2017/4/17, 11, 7, , 
2017/4/18, 10, 6, , 
2017/4/19, 21, 8, , 
2017/4/20, 19, 5, , 
2017/4/21, 11, 5, , 
2017/4/22, 9, 5, , 
2017/4/23, 11, 4, , 
2017/4/24, 7, 5, , 
2017/4/25, 7, 5, , 
2017/4/26, 8, 5, , 
2017/4/27, 15, 7, , 
2017/4/28, 16, 9, , 
2017/4/29, 24, 7, , 
2017/4/30, 22, 10, , 
2017/5/1, 28, 6, , 
2017/5/2, 14, 7, , 
2017/5/3, 20, 7, , 
2017/5/4, 14, 7, , 
2017/5/5, 15, 5, , 
2017/5/6, 16, 3, , 
2017/5/7, 4, 3, , 
2017/5/8, 8, 3, , 
2017/5/9, 15, 4, , 
2017/5/10, 7, 4, , 
2017/5/11, 48, 2, , 
2017/5/13, 6, 8, , 
2017/5/14, 6, 6, , 
2017/5/15, 9, 7, , 
2017/5/16, 7, 8, , 
2017/5/17, 13, 11, , 
2017/5/18, 28, 17, , 
2017/5/19, 42, 8, , 
2017/5/20, 20, 6, , 
2017/5/21, 8, 9, , 
2017/5/22, 9, 5, , 
2017/5/23, 5, 6, , 
2017/5/24, 4, 7, , 
2017/5/25, 8, 6, , 
2017/5/26, 5, 8, , 
2017/5/27, 9, 15, , 
2017/5/28, 21, 7, , 
2017/5/29, 25, 4, , 
2017/5/30, 3, 6, , 
2017/5/31, 10, 7, , 
2017/6/1, 4, 4, , 
2017/6/2, 3, 7, , 
2017/6/3, 8, 8, , 
2017/6/4, 17, 6, , 
2017/6/5, 10, 11, , 
2017/6/6, 15, 13, , 
2017/6/7, 24, 9, , 
2017/6/8, 14, 11, , 
2017/6/9, 15, 12, , 
2017/6/10, 27, 11, , 
2017/6/11, 24, 8, , 
2017/6/12, 15, 5, , 
2017/6/13, 5, 6, , 
2017/6/14, 17, 8, , 
2017/6/15, 19, 7, , 
2017/6/16, 16, 7, , 
2017/6/17, 16, 7, , 
2017/6/18, 13, 5, , 
2017/6/19, 5, 5, , 
2017/6/20, 9, 4, , 
2017/6/21, 15, 5, , 
2017/6/22, 5, 7, , 
2017/6/23, 5, 7, , 
2017/6/24, 11, 7, , 
2017/6/25, 7, 5, , 
2017/6/26, 8, 3, , 
2017/6/27, 4, 5, , 
2017/6/28, 8, 7, , 
2017/6/29, 13, 10, , 
2017/6/30, 17, 7, , 
2017/1/8, 10, 4, , 
2017/1/9, 3, 7, , 
2017/1/10, 14, 11, , 
2017/1/11, 30, 8, , 
2017/1/12, 11, 8, , 
2017/1/13, 12, 8, , 
2017/1/14, 16, 6, , 
2017/1/15, 10, 6, , 
2017/1/16, 8, 6, , 
2017/1/17, 9, 4, , 
2017/1/18, 5, 5, , 
2017/1/19, 7, 5, , 
2017/1/20, 8, 6, , 
2017/1/21, 12, 5, , 
2017/1/22, 7, 4, , 
2017/1/23, 8, 6, , 
2017/1/24, 9, 6, , 
2017/1/25, 12, 9, , 
2017/1/26, 19, 12, , 
2017/1/27, 26, 11, , 
2017/1/28, 30, 38, , 
2017/1/29, 102, 9, , 
2017/1/30, 20, 4, , 
2017/1/31, 10, 10, , 
2017/2/1, 27, 19, , 
2017/2/2, 59, 34, , 
2017/2/3, 88, 13, , 
2017/2/4, 36, 8, , 
2017/2/5, 20, 6, , 
2017/2/6, 11, 5, , 
2017/2/7, 7, 7, , 
2017/2/8, 10, 7, , 
2017/2/9, 14, 9, , 
2017/2/10, 17, 8, , 
2017/2/11, 19, 7, , 
2017/2/12, 11, 6, , 
2017/2/13, 7, 4, , 
2017/2/14, 11, 7, , 
2017/2/15, 15, 12, , 
2017/2/16, 32, 11, , 
2017/2/17, 31, 4, , 
2017/2/18, 4, 5, , 
2017/2/19, 11, 3, , 
2017/2/21, 1, 4, , 
2017/2/22, 7, 2, , 
2017/2/23, 2, 2, , 
2017/2/24, 3, 5, , 
2017/2/25, 7, 6, , 
2017/2/26, 15, 6, , 
2017/2/27, 11, 20, , 
2017/2/28, 55, 6, , 
2017/3/1, 13, 5, , 
2017/3/2, 5, 7, , 
2017/3/3, 14, 6, , 
2017/3/4, 8, 8, , 
2017/3/5, 16, 9, , 
2017/3/6, 17, 8, , 
2017/3/7, 15, 5, , 
2017/3/8, 7, 14, , 
2017/3/9, 43, 8, , 
2017/3/10, 19, 6, , 
2017/3/11, 11, 7, , 
2017/3/12, 15, 8, , 
2017/3/13, 14, 10, , 
2017/3/14, 26, 5, , 
2017/3/15, 17, 5, , 
2017/3/16, 7, 9, , 
2017/3/17, 20, 6, , 
2017/3/18, 8, 4, , 
2017/3/19, 12, 6, , 
2017/3/20, 6, 6, , 
2017/3/21, 11, 4, , 
2017/3/22, 5, 4, , 
2017/3/23, 9, 6, , 
2017/3/24, 12, 7, , 
2017/3/25, 16, 7, , 
2017/3/26, 15, 5, , 
2017/3/27, 11, 5, , 
2017/3/28, 6, 5, , 
2017/3/29, 8, 6, , 
2017/3/30, 9, 5, , 
2017/3/31, 8, 8, , 
2016/10/1, 3, 9, , 
2016/10/2, 12, 7, , 
2016/10/3, 10, 7, , 
2016/10/4, 14, 8, , 
2016/10/5, 14, 7, , 
2016/10/6, 17, 8, , 
2016/10/7, 16, 6, , 
2016/10/8, 10, 6, , 
2016/10/9, 9, 8, , 
2016/10/10, 15, 8, , 
2016/10/11, 16, 9, , 
2016/10/12, 20, 8, , 
2016/10/13, 17, 8, , 
2016/10/14, 16, 6, , 
2016/10/15, 12, 7, , 
2016/10/16, 15, 10, , 
2016/10/17, 18, 13, , 
2016/10/18, 32, 16, , 
2016/10/19, 48, 18, , 
2016/10/20, 50, 22, , 
2016/10/21, 61, 15, , 
2016/10/22, 40, 11, , 
2016/10/23, 26, 10, , 
2016/10/24, 25, 7, , 
2016/10/25, 15, 9, , 
2016/10/26, 19, 8, , 
2016/10/27, 15, 10, , 
2016/10/28, 24, 5, , 
2016/10/29, 14, 4, , 
2016/10/30, 6, 6, , 
2016/10/31, 9, 7, , 
2016/11/1, 14, 6, , 
2016/11/2, 12, 5, , 
2016/11/3, 12, 7, , 
2016/11/4, 15, 7, , 
2016/11/5, 17, 7, , 
2016/11/6, 17, 8, , 
2016/11/7, 18, 8, , 
2016/11/8, 21, 7, , 
2016/11/9, 18, 7, , 
2016/11/10, 12, 7, , 
2016/11/11, 14, 7, , 
2016/11/12, 16, 10, , 
2016/11/13, 24, 11, , 
2016/11/14, 31, 9, , 
2016/11/15, 22, 5, , 
2016/11/16, 9, 7, , 
2016/11/17, 5, 5, , 
2016/11/18, 6, 4, , 
2016/11/19, 4, 7, , 
2016/11/20, 11, 10, , 
2016/11/21, 26, 25, , 
2016/11/22, 64, 20, , 
2016/11/23, 53, 6, , 
2016/11/24, 12, 6, , 
2016/11/25, 12, 5, , 
2016/11/26, 8, 6, , 
2016/11/27, 7, 3, , 
2016/11/28, 5, 2, , 
2016/12/1, 36, 8, , 
2016/12/2, 23, 8, , 
2016/12/3, 18, 7, , 
2016/12/4, 13, 6, , 
2016/12/5, 11, 8, , 
2016/12/6, 14, 5, , 
2016/12/7, 5, 5, , 
2016/12/8, 9, 5, , 
2016/12/9, 7, 5, , 
2016/12/10, 6, 5, , 
2016/12/11, 8, , , 
2016/7/1, 22, 9, , 
2016/7/2, 22, 8, , 
2016/7/3, 14, 6, , 
2016/7/4, 11, 8, , 
2016/7/5, 9, 14, , 
2016/7/6, 14, 11, , 
2016/7/7, 10, 16, , 
2016/7/8, 16, 19, , 
2016/7/9, 20, , , 
2016/7/12, 13, 9, , 
2016/7/13, 9, 22, , 
2016/7/14, 16, 11, , 
2016/7/15, 18, 11, , 
2016/7/16, 17, 7, , 
2016/7/17, 9, 7, , 
2016/7/18, 13, 6, , 
2016/7/19, 11, 5, , 
2016/7/20, 15, 13, , 
2016/7/21, 19, 11, , 
2016/7/22, 27, 10, , 
2016/7/23, 26, 10, , 
2016/7/24, 32, 14, , 
2016/7/25, 39, 13, , 
2016/7/26, 32, 7, , 
2016/7/27, 9, 7, , 
2016/7/28, 14, 7, , 
2016/7/29, 12, 7, , 
2016/7/30, 17, 6, , 
2016/7/31, 8, 7, , 
2016/8/1, 10, 8, , 
2016/8/2, 15, 8, , 
2016/8/3, 12, 7, , 
2016/8/4, 17, 10, , 
2016/8/5, 21, 8, , 
2016/8/6, 16, 8, , 
2016/8/7, 14, 9, , 
2016/8/8, 14, 11, , 
2016/8/9, 14, 9, , 
2016/8/10, 14, 6, , 
2016/8/11, 7, 6, , 
2016/8/12, 7, 7, , 
2016/8/13, 15, 5, , 
2016/8/14, 8, 5, , 
2016/8/15, 10, 6, , 
2016/8/16, 11, 6, , 
2016/8/17, 14, 7, , 
2016/8/18, 15, 8, , 
2016/8/19, 18, 8, , 
2016/8/20, 17, 13, , 
2016/8/21, 42, 13, , 
2016/8/22, 38, 12, , 
2016/8/23, 32, 9, , 
2016/8/24, 22, 16, , 
2016/8/25, 46, 15, , 
2016/8/26, 45, 8, , 
2016/8/27, 18, 7, , 
2016/8/28, 11, 7, , 
2016/8/29, 18, 6, , 
2016/8/30, 9, 12, , 
2016/8/31, 25, 11, , 
2016/9/1, 27, 10, , 
2016/9/2, 16, 8, , 
2016/9/3, 18, 6, , 
2016/9/4, 10, 6, , 
2016/9/5, 7, 9, , 
2016/9/6, 18, 8, , 
2016/9/7, 17, 8, , 
2016/9/8, 14, 9, , 
2016/9/9, 21, 11, , 
2016/9/10, 25, 12, , 
2016/9/11, 26, 10, , 
2016/9/12, 13, 12, , 
2016/9/13, 21, 8, , 
2016/9/14, 17, 10, , 
2016/9/15, 24, 8, , 
2016/9/16, 15, 8, , 
2016/9/17, 12, 8, , 
2016/9/18, 9, 9, , 
2016/9/19, 23, 9, , 
2016/9/20, 21, 10, , 
2016/9/21, 27, 11, , 
2016/9/22, 33, 11, , 
2016/9/23, 28, 8, , 
2016/9/24, 20, 11, , 
2016/9/25, 20, 11, , 
2016/9/26, 19, 13, , 
2016/9/27, 27, 10, , 
2016/9/28, 21, 8, , 
2016/9/29, 17, 6, , 
2016/9/30, 9, 5, , 
2016/4/1, 9, 10, , 
2016/4/2, 18, 11, , 
2016/4/3, 28, 10, , 
2016/4/4, 26, 10, , 
2016/4/5, 23, 13, , 
2016/4/6, 56, 7, , 
2016/4/7, 23, 4, , 
2016/4/8, 5, 8, , 
2016/4/9, 12, 7, , 
2016/4/10, 21, 9, , 
2016/4/11, 24, 7, , 
2016/4/12, 16, 7, , 
2016/4/13, 12, 4, , 
2016/4/14, 6, 8, , 
2016/4/15, 9, 11, , 
2016/4/16, 28, 10, , 
2016/4/17, 29, 4, , 
2016/4/18, 8, 5, , 
2016/4/19, 10, 6, , 
2016/4/20, 14, 10, , 
2016/4/21, 17, 5, , 
2016/4/22, 9, 6, , 
2016/4/23, 11, 5, , 
2016/4/24, 11, 7, , 
2016/4/25, 12, 6, , 
2016/4/26, 10, 6, , 
2016/4/27, 11, 6, , 
2016/4/28, 15, 7, , 
2016/4/29, 13, 14, , 
2016/4/30, 42, 14, , 
2016/5/1, 41, 10, , 
2016/5/2, 25, 14, , 
2016/5/3, 33, 13, , 
2016/5/4, 29, 9, , 
2016/5/5, 16, 13, , 
2016/5/6, 21, 12, , 
2016/5/7, 24, 11, , 
2016/5/8, 20, 15, , 
2016/5/9, 32, 16, , 
2016/5/10, 26, 4, , 
2016/5/11, 6, 7, , 
2016/5/12, 6, 2, , 
2016/5/13, 5, 1, , 
2016/5/15, 10, 4, , 
2016/5/16, 6, 6, , 
2016/5/17, 6, 9, , 
2016/5/18, 15, 12, , 
2016/5/19, 25, 10, , 
2016/5/20, 24, 28, , 
2016/5/21, 83, 16, , 
2016/5/22, 44, 12, , 
2016/5/23, 26, 12, , 
2016/5/24, 34, 6, , 
2016/5/25, 11, 5, , 
2016/5/26, 10, 6, , 
2016/5/27, 13, 10, , 
2016/5/28, 23, 7, , 
2016/5/29, 13, 9, , 
2016/5/30, 16, 13, , 
2016/5/31, 31, 20, , 
2016/6/1, 47, 13, , 
2016/6/2, 30, 8, , 
2016/6/3, 15, 7, , 
2016/6/4, 12, 6, , 
2016/6/5, 11, 7, , 
2016/6/6, 12, 9, , 
2016/6/7, 17, 9, , 
2016/6/8, 17, 4, , 
2016/6/9, 22, 4, , 
2016/6/10, 7, 6, , 
2016/6/11, 9, 7, , 
2016/6/12, 7, 6, , 
2016/6/13, 12, 7, , 
2016/6/14, 11, 9, , 
2016/6/15, 17, 8, , 
2016/6/16, 19, 7, , 
2016/6/17, 15, 6, , 
2016/6/18, 10, 8, , 
2016/6/19, 16, 11, , 
2016/6/20, 25, 11, , 
2016/6/21, 25, 8, , 
2016/6/22, 23, 8, , 
2016/6/23, 20, 10, , 
2016/6/24, 31, 11, , 
2016/6/25, 34, 12, , 
2016/6/26, 38, 7, , 
2016/6/27, 16, 7, , 
2016/6/28, 14, 9, , 
2016/6/29, 14, 9, , 
2016/6/30, 18, 9, , 
2016/1/4, 10, 3, , 
2016/1/5, 4, 5, , 
2016/1/6, 9, 5, , 
2016/1/7, 10, 7, , 
2016/1/8, 27, 7, , 
2016/1/9, 15, 8, , 
2016/1/10, 22, 8, , 
2016/1/11, 23, 6, , 
2016/1/12, 13, 5, , 
2016/1/13, 5, 6, , 
2016/1/14, 11, 8, , 
2016/1/15, 12, 5, , 
2016/1/16, 9, 4, , 
2016/1/17, 6, 5, , 
2016/1/18, 7, 6, , 
2016/1/19, 12, 6, , 
2016/1/20, 15, 8, , 
2016/1/21, 21, 10, , 
2016/1/22, 30, 10, , 
2016/1/23, 32, 9, , 
2016/1/24, 25, 5, , 
2016/1/25, 7, 6, , 
2016/1/26, 17, 3, , 
2016/1/27, 16, 1, , 
2016/1/29, 7, 10, , 
2016/1/30, 14, 3, , 
2016/2/1, 72, 8, , 
2016/2/2, 8, 3, , 
2016/2/3, 7, 4, , 
2016/2/4, 3, 8, , 
2016/2/5, 17, 8, , 
2016/2/6, 17, 13, , 
2016/2/7, 43, 9, , 
2016/2/8, 21, 2, , 
2016/2/9, 1, 7, , 
2016/2/10, 11, 2, , 
2016/2/11, 2, 3, , 
2016/2/12, 6, 4, , 
2016/2/13, 3, 5, , 
2016/2/14, 8, 6, , 
2016/2/15, 14, 8, , 
2016/2/16, 18, 10, , 
2016/2/17, 27, 8, , 
2016/2/18, 20, 10, , 
2016/2/19, 28, 15, , 
2016/2/20, 51, 4, , 
2016/2/21, 10, 4, , 
2016/2/22, 13, 6, , 
2016/2/23, 10, 6, , 
2016/2/24, 10, 6, , 
2016/2/25, 10, 5, , 
2016/2/26, 8, 7, , 
2016/2/27, 16, 8, , 
2016/2/28, 24, 10, , 
2016/2/29, 22, 11, , 
2016/3/1, 27, 6, , 
2016/3/2, 12, 13, , 
2016/3/3, 36, 18, , 
2016/3/4, 52, 12, , 
2016/3/5, 37, 10, , 
2016/3/6, 30, 7, , 
2016/3/7, 24, 9, , 
2016/3/8, 28, 7, , 
2016/3/9, 14, 12, , 
2016/3/10, 37, 12, , 
2016/3/11, 36, 26, , 
2016/3/12, 47, 16, , 
2016/3/13, 52, 11, , 
2016/3/14, 32, 5, , 
2016/3/15, 10, 4, , 
2016/3/16, 28, 4, , 
2016/3/17, 7, 2, , 
2016/3/18, 3, 3, , 
2016/3/19, 3, 2, , 
2016/3/21, 6, 4, , 
2016/3/22, 4, 3, , 
2016/3/23, 4, 4, , 
2016/3/24, 6, 8, , 
2016/3/25, 21, 8, , 
2016/3/26, 22, 11, , 
2016/3/27, 32, 17, , 
2016/3/28, 47, 27, , 
2016/3/29, 75, 8, , 
2016/3/30, 22, 8, , 
2016/3/31, 18, 5, , 
2015/10/2, 11, 10, , 
2015/10/3, 16, 10, , 
2015/10/4, 19, 7, , 
2015/10/5, 9, 7, , 
2015/10/6, 7, 6, , 
2015/10/7, 8, 5, , 
2015/10/8, 8, 6, , 
2015/10/9, 10, 7, , 
2015/10/10, 15, 7, , 
2015/10/11, 13, 6, , 
2015/10/12, 14, 6, , 
2015/10/13, 16, 6, , 
2015/10/14, 11, 10, , 
2015/10/15, 22, 10, , 
2015/10/16, 23, 12, , 
2015/10/17, 31, 6, , 
2015/10/18, 13, 5, , 
2015/10/19, 10, 6, , 
2015/10/20, 10, 5, , 
2015/10/21, 7, 5, , 
2015/10/22, 7, 8, , 
2015/10/23, 12, 10, , 
2015/10/24, 20, 10, , 
2015/10/25, 22, 6, , 
2015/10/26, 9, 6, , 
2015/10/27, 9, 7, , 
2015/10/28, 14, 6, , 
2015/10/29, 15, 7, , 
2015/10/30, 18, 15, , 
2015/10/31, 46, 30, , 
2015/11/1, 85, 9, , 
2015/11/2, 23, 8, , 
2015/11/3, 18, 6, , 
2015/11/4, 12, 7, , 
2015/11/5, 9, 8, , 
2015/11/6, 20, 10, , 
2015/11/7, 29, 4, , 
2015/11/8, 10, 5, , 
2015/11/9, 9, 2, , 
2015/11/10, 4, 4, , 
2015/11/11, 5, 6, , 
2015/11/12, 10, 7, , 
2015/11/13, 16, 7, , 
2015/11/14, 11, 7, , 
2015/11/15, 8, 4, , 
2015/11/16, 3, 8, , 
2015/11/17, 10, 7, , 
2015/11/18, 13, 4, , 
2015/11/19, 5, 4, , 
2015/11/20, 4, 4, , 
2015/11/21, 4, 5, , 
2015/11/22, 8, 7, , 
2015/11/23, 9, 7, , 
2015/11/24, 14, 6, , 
2015/11/25, 13, 4, , 
2015/11/26, 5, 7, , 
2015/11/27, 14, 6, , 
2015/11/28, 12, 6, , 
2015/11/29, 5, 4, , 
2015/11/30, 9, , , 
2015/12/2, 13, 8, , 
2015/12/3, 22, 9, , 
2015/12/4, 35, 3, , 
2015/12/5, 4, , , 
2015/12/7, 2, 6, , 
2015/12/8, 7, 11, , 
2015/12/9, 30, 8, , 
2015/12/10, 11, 9, , 
2015/12/11, 12, 5, , 
2015/12/12, 4, 3, , 
2015/12/13, 4, 7, , 
2015/12/14, 18, 9, , 
2015/12/15, 23, 7, , 
2015/12/16, 17, 7, , 
2015/12/17, 16, 5, , 
2015/12/18, 10, , , 
2015/12/20, 37, 9, , 
2015/12/21, 16, 7, , 
2015/12/22, 12, 10, , 
2015/12/23, 14, 10, , 
2015/12/24, 17, 9, , 
2015/12/25, 17, 4, , 
2015/12/26, 6, 9, , 
2015/12/27, 19, 5, , 
2015/12/28, 13, 11, , 
2015/12/29, 32, 9, , 
2015/12/30, 24, , , 
2016/1/3, 16, 4, , 
2015/7/1, 8, 5, , 
2015/7/2, 13, 7, , 
2015/7/3, 13, 8, , 
2015/7/4, 14, 7, , 
2015/7/5, 31, 4, , 
2015/7/6, 7, 7, , 
2015/7/7, 11, 6, , 
2015/7/8, 7, 6, , 
2015/7/9, 5, 4, , 
2015/7/10, 5, , , 
2015/8/9, 9, 8, , 
2015/8/10, 16, 9, , 
2015/8/11, 18, 8, , 
2015/8/12, 12, 4, , 
2015/8/13, 2, 5, , 
2015/8/14, 4, 5, , 
2015/8/15, 6, 6, , 
2015/8/16, 8, 7, , 
2015/8/17, 12, 7, , 
2015/8/18, 13, 9, , 
2015/8/19, 16, 11, , 
2015/8/20, 19, 12, , 
2015/8/21, 21, 12, , 
2015/8/22, 23, 12, , 
2015/8/23, 24, 13, , 
2015/8/24, 30, 22, , 
2015/8/25, 49, 12, , 
2015/8/26, 24, 11, , 
2015/8/27, 22, 9, , 
2015/8/28, 14, 9, , 
2015/8/29, 14, 13, , 
2015/8/30, 16, 7, , 
2015/8/31, 17, 7, , 
2015/9/1, 13, 6, , 
2015/9/2, 11, 6, , 
2015/9/3, 8, 6, , 
2015/9/4, 8, 7, , 
2015/9/5, 12, 6, , 
2015/9/6, 10, 5, , 
2015/9/7, 8, 6, , 
2015/9/8, 7, 6, , 
2015/9/9, 8, 7, , 
2015/9/10, 13, 6, , 
2015/9/11, 10, 9, , 
2015/9/12, 20, 11, , 
2015/9/13, 25, 13, , 
2015/9/14, 27, 12, , 
2015/9/15, 25, 9, , 
2015/9/16, 18, 14, , 
2015/9/17, 43, 8, , 
2015/9/18, 15, 8, , 
2015/9/19, 14, 6, , 
2015/9/20, 8, 7, , 
2015/9/21, 9, 8, , 
2015/9/22, 11, 11, , 
2015/9/23, 28, 13, , 
2015/9/24, 34, 9, , 
2015/9/25, 15, 11, , 
2015/9/26, 21, 4, , 
2015/9/27, 15, 6, , 
2015/9/28, 8, 6, , 
2015/9/29, 6, , , 
2015/4/15, 4, 4, , 
2015/4/16, 4, 4, , 
2015/4/17, 12, 6, , 
2015/4/18, 9, 5, , 
2015/4/19, 9, 5, , 
2015/4/20, 15, 9, , 
2015/4/21, 6, 6, , 
2015/4/22, 5, 6, , 
2015/4/23, 3, 6, , 
2015/4/24, 9, 6, , 
2015/4/25, 17, 11, , 
2015/4/26, 22, 10, , 
2015/4/27, 8, 8, , 
2015/4/28, 10, 8, , 
2015/4/29, 6, 5, , 
2015/4/30, 20, 24, , 
2015/5/1, 23, 17, , 
2015/5/2, 14, 8, , 
2015/5/3, 7, 6, , 
2015/5/4, 9, 15, , 
2015/5/5, 13, 8, , 
2015/5/6, 15, 8, , 
2015/5/7, 13, 9, , 
2015/5/8, 5, 7, , 
2015/5/9, 11, 5, , 
2015/5/10, 11, 7, , 
2015/5/11, 7, 6, , 
2015/5/12, 18, 12, , 
2015/5/13, 6, 3, , 
2015/5/14, 6, 5, , 
2015/5/15, 5, 4, , 
2015/5/16, 3, 3, , 
2015/5/17, 3, 4, , 
2015/5/18, 6, 5, , 
2015/5/19, 9, 5, , 
2015/5/20, 12, 7, , 
2015/5/21, 9, 7, , 
2015/5/22, 9, 8, , 
2015/5/23, 6, 6, , 
2015/5/24, 7, 5, , 
2015/5/25, 17, 10, , 
2015/5/26, 15, 7, , 
2015/5/27, 7, 4, , 
2015/5/28, 13, 6, , 
2015/5/29, 12, 8, , 
2015/5/30, 11, 7, , 
2015/5/31, 10, 7, , 
2015/6/1, 13, 11, , 
2015/6/2, 13, 9, , 
2015/6/3, 9, 12, , 
2015/6/4, 10, 7, , 
2015/6/5, 10, 9, , 
2015/6/6, 19, 12, , 
2015/6/7, 15, 11, , 
2015/6/8, 12, 6, , 
2015/6/9, 6, 6, , 
2015/6/10, 10, 7, , 
2015/6/11, 12, 6, , 
2015/6/12, 11, 7, , 
2015/6/13, 6, 6, , 
2015/6/14, 5, 5, , 
2015/6/15, 8, 3, , 
2015/6/16, 5, 3, , 
2015/6/17, 8, 5, , 
2015/6/18, 2, 3, , 
2015/6/19, 6, 4, , 
2015/6/20, 8, 6, , 
2015/6/21, 9, 4, , 
2015/6/22, 31, 4, , 
2015/6/23, 5, 5, , 
2015/6/24, 4, 5, , 
2015/6/25, 13, 9, , 
2015/6/26, 3, 4, , 
2015/6/27, 4, 4, , 
2015/6/28, 9, 5, , 
2015/6/29, 11, 7, , 
2015/6/30, 8, 5, , 
2025/10/26, , 5, 15, 1
2025/8/2, , 7, 31, 7
2025/6/10, , 10, 31, 
2025/6/21, , 4, 25, 
2024/12/31, , 1, 30, 
2024/7/3, , 4, 27, 
2023/10/10, , 7, 29, 
2023/4/4, , 4, 27, 1
2022/8/8, , 4, 28, 1
2022/8/16, , 18, 41, 1
2022/5/22, , 7, 36, 
2021/1/11, , 2, 21, 2
2021/1/23, , 6, 16, 
2021/1/31, , 4, 17, 2
2020/9/30, , 17, 13, 1
2018/6/4, , 4, , 
2017/12/31, , 5, , 
2017/10/4, , 2, , 
2017/10/5, , 3, , 
2017/10/26, , 4, , 
2017/10/29, , 5, , 
2017/11/11, , 4, , 
2017/11/22, , 11, , 
2017/12/8, , 2, , 
2017/12/9, , 5, , 
2017/12/26, , 1, , 
2017/9/9, , 8, , 
2017/4/6, , 3, , 
2017/5/12, , 4, , 
2017/1/7, , 7, , 
2017/2/20, , 2, , 
2016/11/29, , 2, , 
2016/11/30, , 9, , 
2016/7/11, , 19, , 
2016/5/14, , 5, , 
2016/1/28, , 6, , 
2016/1/31, , 2, , 
2016/3/20, , 2, , 
2015/10/1, , 9, , 
2015/12/1, , 7, , 
2015/12/6, , 3, , 
2015/12/19, , 15, , 
2016/1/2, , 7, , 
2015/8/8, , 5, , 
2015/4/1, , 6, , 
2015/4/2, , 5, , 
2015/4/3, , 5, , 
2015/4/4, , 6, , 
2015/4/5, , 9, , 
2015/4/6, , 10, , 
2015/4/7, , 4, , 
2015/4/8, , 7, , 
2015/4/9, , 7, , 
2015/4/10, , 11, , 
2015/4/11, , 13, , 
2015/4/12, , 10, , 
2015/4/13, , 5, , 
2015/4/14, , 4, , 
2015/3/13, , 6, , 
2015/3/14, , 10, , 
2015/3/15, , 14, , 
2015/3/16, , 15, , 
2015/3/17, , 15, , 
2015/3/18, , 19, , 
2015/3/19, , 22, , 
2015/3/20, , 6, , 
2015/3/21, , 4, , 
2015/3/22, , 4, , 
2015/3/23, , 6, , 
2015/3/24, , 6, , 
2015/3/25, , 5, , 
2015/3/26, , 8, , 
2015/3/27, , 15, , 
2015/3/28, , 5, , 
2015/3/29, , 5, , 
2015/3/30, , 4, , 
2015/3/31, , 4, , 